Admin2,Province/State,Country/Region,01-15-2021
Autauga,Alabama,US,55
Baldwin,Alabama,US,179
Barbour,Alabama,US,36
Bibb,Alabama,US,47
Blount,Alabama,US,83
Bullock,Alabama,US,28
Butler,Alabama,US,58
Calhoun,Alabama,US,200
Chambers,Alabama,US,69
Cherokee,Alabama,US,30
Chilton,Alabama,US,65
Choctaw,Alabama,US,24
Clarke,Alabama,US,33
Clay,Alabama,US,46
Cleburne,Alabama,US,23
Coffee,Alabama,US,56
Colbert,Alabama,US,70
Conecuh,Alabama,US,20
Coosa,Alabama,US,14
Covington,Alabama,US,67
Crenshaw,Alabama,US,44
Cullman,Alabama,US,104
Dale,Alabama,US,81
Dallas,Alabama,US,96
DeKalb,Alabama,US,97
Elmore,Alabama,US,101
Escambia,Alabama,US,42
Etowah,Alabama,US,157
Fayette,Alabama,US,26
Franklin,Alabama,US,45
Geneva,Alabama,US,31
Greene,Alabama,US,23
Hale,Alabama,US,42
Henry,Alabama,US,19
Houston,Alabama,US,129
Jackson,Alabama,US,41
Jefferson,Alabama,US,888
Lamar,Alabama,US,19
Lauderdale,Alabama,US,83
Lawrence,Alabama,US,47
Lee,Alabama,US,101
Limestone,Alabama,US,74
Lowndes,Alabama,US,35
Macon,Alabama,US,35
Madison,Alabama,US,185
Marengo,Alabama,US,29
Marion,Alabama,US,49
Marshall,Alabama,US,107
Mobile,Alabama,US,542
Monroe,Alabama,US,17
Montgomery,Alabama,US,304
Morgan,Alabama,US,112
Out of AL,Alabama,US,0
Perry,Alabama,US,19
Pickens,Alabama,US,31
Pike,Alabama,US,29
Randolph,Alabama,US,35
Russell,Alabama,US,10
Shelby,Alabama,US,113
St. Clair,Alabama,US,120
Sumter,Alabama,US,26
Talladega,Alabama,US,108
Tallapoosa,Alabama,US,107
Tuscaloosa,Alabama,US,268
Unassigned,Alabama,US,0
Walker,Alabama,US,174
Washington,Alabama,US,26
Wilcox,Alabama,US,21
Winston,Alabama,US,35
Aleutians East,Alaska,US,0
Aleutians West,Alaska,US,0
Anchorage,Alaska,US,129
Bethel,Alaska,US,12
Bristol Bay,Alaska,US,0
Bristol Bay plus Lake and Peninsula,Alaska,US,0
Denali,Alaska,US,0
Dillingham,Alaska,US,1
Fairbanks North Star,Alaska,US,23
Haines,Alaska,US,0
Juneau,Alaska,US,5
Kenai Peninsula,Alaska,US,19
Ketchikan Gateway,Alaska,US,1
Kodiak Island,Alaska,US,2
Kusilvak,Alaska,US,3
Matanuska-Susitna,Alaska,US,18
Nome,Alaska,US,0
North Slope,Alaska,US,3
Northwest Arctic,Alaska,US,0
Petersburg,Alaska,US,1
Prince of Wales-Hyder,Alaska,US,1
Sitka,Alaska,US,0
Skagway,Alaska,US,0
Southeast Fairbanks,Alaska,US,3
Unassigned,Alaska,US,0
Valdez-Cordova,Alaska,US,3
Wrangell,Alaska,US,0
Yakutat,Alaska,US,1
Yukon-Koyukuk,Alaska,US,4
Apache,Arizona,US,274
Cochise,Arizona,US,189
Coconino,Arizona,US,244
Gila,Arizona,US,165
Graham,Arizona,US,57
Greenlee,Arizona,US,4
La Paz,Arizona,US,45
Maricopa,Arizona,US,6320
Mohave,Arizona,US,431
Navajo,Arizona,US,389
Out of AZ,Arizona,US,0
Pima,Arizona,US,1393
Pinal,Arizona,US,478
Santa Cruz,Arizona,US,129
Unassigned,Arizona,US,0
Yavapai,Arizona,US,308
Yuma,Arizona,US,614
Arkansas,Arkansas,US,34
Ashley,Arkansas,US,24
Baxter,Arkansas,US,85
Benton,Arkansas,US,305
Boone,Arkansas,US,72
Bradley,Arkansas,US,24
Calhoun,Arkansas,US,1
Carroll,Arkansas,US,34
Chicot,Arkansas,US,35
Clark,Arkansas,US,30
Clay,Arkansas,US,38
Cleburne,Arkansas,US,45
Cleveland,Arkansas,US,23
Columbia,Arkansas,US,46
Conway,Arkansas,US,20
Craighead,Arkansas,US,149
Crawford,Arkansas,US,74
Crittenden,Arkansas,US,79
Cross,Arkansas,US,39
Dallas,Arkansas,US,12
Desha,Arkansas,US,14
Drew,Arkansas,US,25
Faulkner,Arkansas,US,116
Franklin,Arkansas,US,27
Fulton,Arkansas,US,38
Garland,Arkansas,US,182
Grant,Arkansas,US,23
Greene,Arkansas,US,59
Hempstead,Arkansas,US,11
Hot Spring,Arkansas,US,61
Howard,Arkansas,US,19
Independence,Arkansas,US,106
Izard,Arkansas,US,26
Jackson,Arkansas,US,28
Jefferson,Arkansas,US,137
Johnson,Arkansas,US,26
Lafayette,Arkansas,US,6
Lawrence,Arkansas,US,40
Lee,Arkansas,US,29
Lincoln,Arkansas,US,29
Little River,Arkansas,US,39
Logan,Arkansas,US,13
Lonoke,Arkansas,US,95
Madison,Arkansas,US,15
Marion,Arkansas,US,26
Miller,Arkansas,US,26
Mississippi,Arkansas,US,101
Monroe,Arkansas,US,10
Montgomery,Arkansas,US,22
Nevada,Arkansas,US,22
Newton,Arkansas,US,26
Ouachita,Arkansas,US,38
Perry,Arkansas,US,5
Phillips,Arkansas,US,27
Pike,Arkansas,US,15
Poinsett,Arkansas,US,69
Polk,Arkansas,US,51
Pope,Arkansas,US,68
Prairie,Arkansas,US,17
Pulaski,Arkansas,US,447
Randolph,Arkansas,US,44
Saline,Arkansas,US,126
Scott,Arkansas,US,14
Searcy,Arkansas,US,14
Sebastian,Arkansas,US,178
Sevier,Arkansas,US,23
Sharp,Arkansas,US,38
St. Francis,Arkansas,US,26
Stone,Arkansas,US,27
Unassigned,Arkansas,US,0
Union,Arkansas,US,80
Van Buren,Arkansas,US,10
Washington,Arkansas,US,245
White,Arkansas,US,75
Woodruff,Arkansas,US,5
Yell,Arkansas,US,55
Alameda,California,US,768
Alpine,California,US,0
Amador,California,US,29
Butte,California,US,121
Calaveras,California,US,23
Colusa,California,US,9
Contra Costa,California,US,430
Del Norte,California,US,2
El Dorado,California,US,44
Fresno,California,US,932
Glenn,California,US,19
Humboldt,California,US,24
Imperial,California,US,463
Inyo,California,US,29
Kern,California,US,558
Kings,California,US,110
Lake,California,US,28
Lassen,California,US,13
Los Angeles,California,US,13504
Madera,California,US,130
Marin,California,US,153
Mariposa,California,US,4
Mendocino,California,US,31
Merced,California,US,296
Modoc,California,US,3
Mono,California,US,4
Monterey,California,US,249
Napa,California,US,38
Nevada,California,US,73
Orange,California,US,2277
Placer,California,US,173
Plumas,California,US,5
Riverside,California,US,2517
Sacramento,California,US,1080
San Benito,California,US,43
San Bernardino,California,US,1560
San Diego,California,US,2037
San Francisco,California,US,241
San Joaquin,California,US,748
San Luis Obispo,California,US,128
San Mateo,California,US,294
Santa Barbara,California,US,228
Santa Clara,California,US,1040
Santa Cruz,California,US,113
Shasta,California,US,117
Sierra,California,US,0
Siskiyou,California,US,13
Solano,California,US,105
Sonoma,California,US,234
Stanislaus,California,US,730
Sutter,California,US,77
Tehama,California,US,42
Trinity,California,US,4
Tulare,California,US,501
Tuolumne,California,US,38
Unassigned,California,US,0
Ventura,California,US,412
Yolo,California,US,131
Yuba,California,US,27
Adams,Colorado,US,553
Alamosa,Colorado,US,27
Arapahoe,Colorado,US,598
Archuleta,Colorado,US,0
Baca,Colorado,US,1
Bent,Colorado,US,18
Boulder,Colorado,US,195
Broomfield,Colorado,US,68
Chaffee,Colorado,US,22
Cheyenne,Colorado,US,5
Clear Creek,Colorado,US,2
Conejos,Colorado,US,3
Costilla,Colorado,US,2
Crowley,Colorado,US,14
Custer,Colorado,US,1
Delta,Colorado,US,37
Denver,Colorado,US,712
Dolores,Colorado,US,0
Douglas,Colorado,US,211
Eagle,Colorado,US,17
El Paso,Colorado,US,662
Elbert,Colorado,US,12
Fremont,Colorado,US,32
Garfield,Colorado,US,35
Gilpin,Colorado,US,2
Grand,Colorado,US,4
Gunnison,Colorado,US,6
Hinsdale,Colorado,US,0
Huerfano,Colorado,US,18
Jackson,Colorado,US,0
Jefferson,Colorado,US,660
Kiowa,Colorado,US,2
Kit Carson,Colorado,US,10
La Plata,Colorado,US,30
Lake,Colorado,US,0
Larimer,Colorado,US,176
Las Animas,Colorado,US,9
Lincoln,Colorado,US,3
Logan,Colorado,US,55
Mesa,Colorado,US,155
Mineral,Colorado,US,1
Moffat,Colorado,US,20
Montezuma,Colorado,US,19
Montrose,Colorado,US,41
Morgan,Colorado,US,85
Otero,Colorado,US,56
Ouray,Colorado,US,3
Out of CO,Colorado,US,0
Park,Colorado,US,5
Phillips,Colorado,US,10
Pitkin,Colorado,US,4
Prowers,Colorado,US,20
Pueblo,Colorado,US,342
Rio Blanco,Colorado,US,3
Rio Grande,Colorado,US,9
Routt,Colorado,US,19
Saguache,Colorado,US,4
San Juan,Colorado,US,0
San Miguel,Colorado,US,0
Sedgwick,Colorado,US,2
Summit,Colorado,US,5
Teller,Colorado,US,12
Unassigned,Colorado,US,0
Washington,Colorado,US,11
Weld,Colorado,US,301
Yuma,Colorado,US,14
Fairfield,Connecticut,US,1830
Hartford,Connecticut,US,1992
Litchfield,Connecticut,US,245
Middlesex,Connecticut,US,292
New Haven,Connecticut,US,1694
New London,Connecticut,US,311
Tolland,Connecticut,US,124
Unassigned,Connecticut,US,4
Windham,Connecticut,US,102
Kent,Delaware,US,186
New Castle,Delaware,US,499
Sussex,Delaware,US,317
Unassigned,Delaware,US,0
,Diamond Princess,US,0
District of Columbia,District of Columbia,US,842
Alachua,Florida,US,144
Baker,Florida,US,39
Bay,Florida,US,251
Bradford,Florida,US,26
Brevard,Florida,US,572
Broward,Florida,US,1955
Calhoun,Florida,US,32
Charlotte,Florida,US,257
Citrus,Florida,US,308
Clay,Florida,US,210
Collier,Florida,US,371
Columbia,Florida,US,132
DeSoto,Florida,US,62
Dixie,Florida,US,11
Duval,Florida,US,792
Escambia,Florida,US,440
Flagler,Florida,US,52
Franklin,Florida,US,4
Gadsden,Florida,US,63
Gilchrist,Florida,US,27
Glades,Florida,US,12
Gulf,Florida,US,31
Hamilton,Florida,US,15
Hardee,Florida,US,21
Hendry,Florida,US,53
Hernando,Florida,US,311
Highlands,Florida,US,227
Hillsborough,Florida,US,1173
Holmes,Florida,US,32
Indian River,Florida,US,189
Jackson,Florida,US,122
Jefferson,Florida,US,18
Lafayette,Florida,US,23
Lake,Florida,US,349
Lee,Florida,US,726
Leon,Florida,US,200
Levy,Florida,US,22
Liberty,Florida,US,14
Madison,Florida,US,34
Manatee,Florida,US,454
Marion,Florida,US,529
Martin,Florida,US,226
Miami-Dade,Florida,US,4528
Monroe,Florida,US,37
Nassau,Florida,US,73
Okaloosa,Florida,US,258
Okeechobee,Florida,US,56
Orange,Florida,US,824
Osceola,Florida,US,326
Palm Beach,Florida,US,2018
Pasco,Florida,US,448
Pinellas,Florida,US,1169
Polk,Florida,US,884
Putnam,Florida,US,87
Santa Rosa,Florida,US,174
Sarasota,Florida,US,557
Seminole,Florida,US,335
St. Johns,Florida,US,134
St. Lucie,Florida,US,448
Sumter,Florida,US,126
Suwannee,Florida,US,100
Taylor,Florida,US,29
Unassigned,Florida,US,0
Union,Florida,US,68
Volusia,Florida,US,470
Wakulla,Florida,US,32
Walton,Florida,US,59
Washington,Florida,US,30
Appling,Georgia,US,46
Atkinson,Georgia,US,11
Bacon,Georgia,US,25
Baker,Georgia,US,6
Baldwin,Georgia,US,79
Banks,Georgia,US,23
Barrow,Georgia,US,78
Bartow,Georgia,US,145
Ben Hill,Georgia,US,53
Berrien,Georgia,US,32
Bibb,Georgia,US,278
Bleckley,Georgia,US,38
Brantley,Georgia,US,24
Brooks,Georgia,US,33
Bryan,Georgia,US,22
Bulloch,Georgia,US,65
Burke,Georgia,US,27
Butts,Georgia,US,53
Calhoun,Georgia,US,12
Camden,Georgia,US,23
Candler,Georgia,US,37
Carroll,Georgia,US,141
Catoosa,Georgia,US,47
Charlton,Georgia,US,20
Chatham,Georgia,US,271
Chattahoochee,Georgia,US,3
Chattooga,Georgia,US,49
Cherokee,Georgia,US,159
Clarke,Georgia,US,77
Clay,Georgia,US,3
Clayton,Georgia,US,254
Clinch,Georgia,US,16
Cobb,Georgia,US,638
Coffee,Georgia,US,108
Colquitt,Georgia,US,56
Columbia,Georgia,US,118
Cook,Georgia,US,31
Coweta,Georgia,US,96
Crawford,Georgia,US,10
Crisp,Georgia,US,46
Dade,Georgia,US,9
Dawson,Georgia,US,20
DeKalb,Georgia,US,565
Decatur,Georgia,US,55
Dodge,Georgia,US,75
Dooly,Georgia,US,28
Dougherty,Georgia,US,228
Douglas,Georgia,US,122
Early,Georgia,US,43
Echols,Georgia,US,4
Effingham,Georgia,US,38
Elbert,Georgia,US,35
Emanuel,Georgia,US,61
Evans,Georgia,US,15
Fannin,Georgia,US,46
Fayette,Georgia,US,88
Floyd,Georgia,US,140
Forsyth,Georgia,US,91
Franklin,Georgia,US,30
Fulton,Georgia,US,861
Gilmer,Georgia,US,40
Glascock,Georgia,US,8
Glynn,Georgia,US,138
Gordon,Georgia,US,75
Grady,Georgia,US,40
Greene,Georgia,US,29
Gwinnett,Georgia,US,648
Habersham,Georgia,US,105
Hall,Georgia,US,276
Hancock,Georgia,US,49
Haralson,Georgia,US,48
Harris,Georgia,US,33
Hart,Georgia,US,37
Heard,Georgia,US,13
Henry,Georgia,US,175
Houston,Georgia,US,151
Irwin,Georgia,US,21
Jackson,Georgia,US,87
Jasper,Georgia,US,16
Jeff Davis,Georgia,US,37
Jefferson,Georgia,US,41
Jenkins,Georgia,US,34
Johnson,Georgia,US,34
Jones,Georgia,US,25
Lamar,Georgia,US,37
Lanier,Georgia,US,10
Laurens,Georgia,US,125
Lee,Georgia,US,37
Liberty,Georgia,US,34
Lincoln,Georgia,US,16
Long,Georgia,US,7
Lowndes,Georgia,US,145
Lumpkin,Georgia,US,31
Macon,Georgia,US,16
Madison,Georgia,US,29
Marion,Georgia,US,10
McDuffie,Georgia,US,28
McIntosh,Georgia,US,10
Meriwether,Georgia,US,23
Miller,Georgia,US,3
Mitchell,Georgia,US,61
Monroe,Georgia,US,73
Montgomery,Georgia,US,14
Morgan,Georgia,US,10
Murray,Georgia,US,46
Muscogee,Georgia,US,224
Newton,Georgia,US,143
Oconee,Georgia,US,44
Oglethorpe,Georgia,US,16
Out of GA,Georgia,US,381
Paulding,Georgia,US,136
Peach,Georgia,US,34
Pickens,Georgia,US,26
Pierce,Georgia,US,36
Pike,Georgia,US,24
Polk,Georgia,US,53
Pulaski,Georgia,US,32
Putnam,Georgia,US,34
Quitman,Georgia,US,1
Rabun,Georgia,US,28
Randolph,Georgia,US,31
Richmond,Georgia,US,286
Rockdale,Georgia,US,93
Schley,Georgia,US,2
Screven,Georgia,US,15
Seminole,Georgia,US,13
Spalding,Georgia,US,112
Stephens,Georgia,US,60
Stewart,Georgia,US,17
Sumter,Georgia,US,77
Talbot,Georgia,US,10
Taliaferro,Georgia,US,0
Tattnall,Georgia,US,39
Taylor,Georgia,US,17
Telfair,Georgia,US,39
Terrell,Georgia,US,36
Thomas,Georgia,US,89
Tift,Georgia,US,88
Toombs,Georgia,US,76
Towns,Georgia,US,37
Treutlen,Georgia,US,16
Troup,Georgia,US,142
Turner,Georgia,US,26
Twiggs,Georgia,US,22
Unassigned,Georgia,US,12
Union,Georgia,US,47
Upson,Georgia,US,85
Walker,Georgia,US,62
Walton,Georgia,US,105
Ware,Georgia,US,92
Warren,Georgia,US,9
Washington,Georgia,US,47
Wayne,Georgia,US,52
Webster,Georgia,US,2
Wheeler,Georgia,US,20
White,Georgia,US,51
Whitfield,Georgia,US,153
Wilcox,Georgia,US,39
Wilkes,Georgia,US,12
Wilkinson,Georgia,US,19
Worth,Georgia,US,44
,Grand Princess,US,3
,Guam,US,125
Hawaii,Hawaii,US,45
Honolulu,Hawaii,US,249
Kauai,Hawaii,US,1
Maui,Hawaii,US,20
Out of HI,Hawaii,US,2
Unassigned,Hawaii,US,0
Ada,Idaho,US,387
Adams,Idaho,US,3
Bannock,Idaho,US,78
Bear Lake,Idaho,US,2
Benewah,Idaho,US,6
Bingham,Idaho,US,55
Blaine,Idaho,US,14
Boise,Idaho,US,2
Bonner,Idaho,US,22
Bonneville,Idaho,US,124
Boundary,Idaho,US,10
Butte,Idaho,US,1
Camas,Idaho,US,0
Canyon,Idaho,US,238
Caribou,Idaho,US,10
Cassia,Idaho,US,22
Clark,Idaho,US,0
Clearwater,Idaho,US,10
Custer,Idaho,US,2
Elmore,Idaho,US,10
Franklin,Idaho,US,12
Fremont,Idaho,US,14
Gem,Idaho,US,24
Gooding,Idaho,US,22
Idaho,Idaho,US,16
Jefferson,Idaho,US,15
Jerome,Idaho,US,17
Kootenai,Idaho,US,140
Latah,Idaho,US,6
Lemhi,Idaho,US,9
Lewis,Idaho,US,6
Lincoln,Idaho,US,9
Madison,Idaho,US,21
Minidoka,Idaho,US,25
Nez Perce,Idaho,US,45
Oneida,Idaho,US,3
Owyhee,Idaho,US,22
Payette,Idaho,US,25
Power,Idaho,US,6
Shoshone,Idaho,US,30
Teton,Idaho,US,4
Twin Falls,Idaho,US,115
Unassigned,Idaho,US,0
Valley,Idaho,US,4
Washington,Idaho,US,17
Adams,Illinois,US,114
Alexander,Illinois,US,7
Bond,Illinois,US,23
Boone,Illinois,US,77
Brown,Illinois,US,11
Bureau,Illinois,US,82
Calhoun,Illinois,US,4
Carroll,Illinois,US,32
Cass,Illinois,US,31
Champaign,Illinois,US,94
Christian,Illinois,US,72
Clark,Illinois,US,28
Clay,Illinois,US,38
Clinton,Illinois,US,84
Coles,Illinois,US,79
Cook,Illinois,US,8939
Crawford,Illinois,US,34
Cumberland,Illinois,US,27
De Witt,Illinois,US,26
DeKalb,Illinois,US,90
Douglas,Illinois,US,33
DuPage,Illinois,US,1136
Edgar,Illinois,US,52
Edwards,Illinois,US,9
Effingham,Illinois,US,68
Fayette,Illinois,US,53
Ford,Illinois,US,49
Franklin,Illinois,US,67
Fulton,Illinois,US,48
Gallatin,Illinois,US,4
Greene,Illinois,US,42
Grundy,Illinois,US,54
Hamilton,Illinois,US,16
Hancock,Illinois,US,32
Hardin,Illinois,US,8
Henderson,Illinois,US,16
Henry,Illinois,US,75
Iroquois,Illinois,US,55
Jackson,Illinois,US,67
Jasper,Illinois,US,16
Jefferson,Illinois,US,102
Jersey,Illinois,US,52
Jo Daviess,Illinois,US,24
Johnson,Illinois,US,15
Kane,Illinois,US,667
Kankakee,Illinois,US,177
Kendall,Illinois,US,77
Knox,Illinois,US,140
LaSalle,Illinois,US,247
Lake,Illinois,US,877
Lawrence,Illinois,US,30
Lee,Illinois,US,72
Livingston,Illinois,US,66
Logan,Illinois,US,56
Macon,Illinois,US,178
Macoupin,Illinois,US,94
Madison,Illinois,US,455
Marion,Illinois,US,111
Marshall,Illinois,US,13
Mason,Illinois,US,40
Massac,Illinois,US,30
McDonough,Illinois,US,50
McHenry,Illinois,US,244
McLean,Illinois,US,156
Menard,Illinois,US,10
Mercer,Illinois,US,28
Monroe,Illinois,US,68
Montgomery,Illinois,US,38
Morgan,Illinois,US,88
Moultrie,Illinois,US,28
Ogle,Illinois,US,70
Out of IL,Illinois,US,0
Peoria,Illinois,US,235
Perry,Illinois,US,60
Piatt,Illinois,US,16
Pike,Illinois,US,45
Pope,Illinois,US,2
Pulaski,Illinois,US,3
Putnam,Illinois,US,1
Randolph,Illinois,US,66
Richland,Illinois,US,44
Rock Island,Illinois,US,301
Saline,Illinois,US,53
Sangamon,Illinois,US,232
Schuyler,Illinois,US,16
Scott,Illinois,US,1
Shelby,Illinois,US,35
St. Clair,Illinois,US,415
Stark,Illinois,US,20
Stephenson,Illinois,US,74
Tazewell,Illinois,US,242
Unassigned,Illinois,US,0
Union,Illinois,US,32
Vermilion,Illinois,US,110
Wabash,Illinois,US,14
Warren,Illinois,US,43
Washington,Illinois,US,25
Wayne,Illinois,US,43
White,Illinois,US,29
Whiteside,Illinois,US,173
Will,Illinois,US,861
Williamson,Illinois,US,114
Winnebago,Illinois,US,407
Woodford,Illinois,US,66
Adams,Indiana,US,35
Allen,Indiana,US,539
Bartholomew,Indiana,US,94
Benton,Indiana,US,10
Blackford,Indiana,US,22
Boone,Indiana,US,67
Brown,Indiana,US,29
Carroll,Indiana,US,15
Cass,Indiana,US,59
Clark,Indiana,US,129
Clay,Indiana,US,32
Clinton,Indiana,US,39
Crawford,Indiana,US,9
Daviess,Indiana,US,72
DeKalb,Indiana,US,63
Dearborn,Indiana,US,43
Decatur,Indiana,US,82
Delaware,Indiana,US,129
Dubois,Indiana,US,70
Elkhart,Indiana,US,338
Fayette,Indiana,US,48
Floyd,Indiana,US,105
Fountain,Indiana,US,25
Franklin,Indiana,US,33
Fulton,Indiana,US,29
Gibson,Indiana,US,56
Grant,Indiana,US,109
Greene,Indiana,US,60
Hamilton,Indiana,US,303
Hancock,Indiana,US,97
Harrison,Indiana,US,42
Hendricks,Indiana,US,238
Henry,Indiana,US,63
Howard,Indiana,US,137
Huntington,Indiana,US,57
Jackson,Indiana,US,45
Jasper,Indiana,US,33
Jay,Indiana,US,21
Jefferson,Indiana,US,38
Jennings,Indiana,US,35
Johnson,Indiana,US,280
Knox,Indiana,US,39
Kosciusko,Indiana,US,77
LaGrange,Indiana,US,61
LaPorte,Indiana,US,153
Lake,Indiana,US,665
Lawrence,Indiana,US,75
Madison,Indiana,US,210
Marion,Indiana,US,1286
Marshall,Indiana,US,84
Martin,Indiana,US,13
Miami,Indiana,US,43
Monroe,Indiana,US,105
Montgomery,Indiana,US,51
Morgan,Indiana,US,87
Newton,Indiana,US,20
Noble,Indiana,US,57
Ohio,Indiana,US,7
Orange,Indiana,US,33
Owen,Indiana,US,36
Parke,Indiana,US,8
Perry,Indiana,US,27
Pike,Indiana,US,25
Porter,Indiana,US,158
Posey,Indiana,US,26
Pulaski,Indiana,US,37
Putnam,Indiana,US,47
Randolph,Indiana,US,40
Ripley,Indiana,US,45
Rush,Indiana,US,18
Scott,Indiana,US,37
Shelby,Indiana,US,77
Spencer,Indiana,US,17
St. Joseph,Indiana,US,369
Starke,Indiana,US,41
Steuben,Indiana,US,40
Sullivan,Indiana,US,31
Switzerland,Indiana,US,5
Tippecanoe,Indiana,US,118
Tipton,Indiana,US,32
Unassigned,Indiana,US,374
Union,Indiana,US,3
Vanderburgh,Indiana,US,212
Vermillion,Indiana,US,33
Vigo,Indiana,US,171
Wabash,Indiana,US,45
Warren,Indiana,US,7
Warrick,Indiana,US,90
Washington,Indiana,US,16
Wayne,Indiana,US,156
Wells,Indiana,US,46
White,Indiana,US,38
Whitley,Indiana,US,25
Adair,Iowa,US,20
Adams,Iowa,US,3
Allamakee,Iowa,US,27
Appanoose,Iowa,US,38
Audubon,Iowa,US,8
Benton,Iowa,US,43
Black Hawk,Iowa,US,228
Boone,Iowa,US,16
Bremer,Iowa,US,48
Buchanan,Iowa,US,20
Buena Vista,Iowa,US,29
Butler,Iowa,US,23
Calhoun,Iowa,US,9
Carroll,Iowa,US,33
Cass,Iowa,US,41
Cedar,Iowa,US,19
Cerro Gordo,Iowa,US,66
Cherokee,Iowa,US,25
Chickasaw,Iowa,US,11
Clarke,Iowa,US,7
Clay,Iowa,US,19
Clayton,Iowa,US,48
Clinton,Iowa,US,61
Crawford,Iowa,US,22
Dallas,Iowa,US,69
Davis,Iowa,US,21
Decatur,Iowa,US,4
Delaware,Iowa,US,36
Des Moines,Iowa,US,40
Dickinson,Iowa,US,26
Dubuque,Iowa,US,148
Emmet,Iowa,US,31
Fayette,Iowa,US,22
Floyd,Iowa,US,36
Franklin,Iowa,US,18
Fremont,Iowa,US,5
Greene,Iowa,US,7
Grundy,Iowa,US,22
Guthrie,Iowa,US,24
Hamilton,Iowa,US,28
Hancock,Iowa,US,24
Hardin,Iowa,US,29
Harrison,Iowa,US,62
Henry,Iowa,US,30
Howard,Iowa,US,19
Humboldt,Iowa,US,19
Ida,Iowa,US,30
Iowa,Iowa,US,22
Jackson,Iowa,US,31
Jasper,Iowa,US,55
Jefferson,Iowa,US,23
Johnson,Iowa,US,49
Jones,Iowa,US,49
Keokuk,Iowa,US,25
Kossuth,Iowa,US,41
Lee,Iowa,US,28
Linn,Iowa,US,270
Louisa,Iowa,US,29
Lucas,Iowa,US,8
Lyon,Iowa,US,32
Madison,Iowa,US,9
Mahaska,Iowa,US,36
Marion,Iowa,US,52
Marshall,Iowa,US,61
Mills,Iowa,US,16
Mitchell,Iowa,US,34
Monona,Iowa,US,16
Monroe,Iowa,US,18
Montgomery,Iowa,US,22
Muscatine,Iowa,US,75
O'Brien,Iowa,US,54
Osceola,Iowa,US,9
Page,Iowa,US,15
Palo Alto,Iowa,US,9
Plymouth,Iowa,US,67
Pocahontas,Iowa,US,11
Polk,Iowa,US,441
Pottawattamie,Iowa,US,112
Poweshiek,Iowa,US,24
Ringgold,Iowa,US,9
Sac,Iowa,US,15
Scott,Iowa,US,161
Shelby,Iowa,US,26
Sioux,Iowa,US,51
Story,Iowa,US,33
Tama,Iowa,US,57
Taylor,Iowa,US,9
Unassigned,Iowa,US,0
Union,Iowa,US,22
Van Buren,Iowa,US,12
Wapello,Iowa,US,97
Warren,Iowa,US,37
Washington,Iowa,US,31
Wayne,Iowa,US,21
Webster,Iowa,US,69
Winnebago,Iowa,US,29
Winneshiek,Iowa,US,19
Woodbury,Iowa,US,175
Worth,Iowa,US,3
Wright,Iowa,US,24
Allen,Kansas,US,11
Anderson,Kansas,US,8
Atchison,Kansas,US,11
Barber,Kansas,US,6
Barton,Kansas,US,39
Bourbon,Kansas,US,17
Brown,Kansas,US,32
Butler,Kansas,US,53
Chase,Kansas,US,3
Chautauqua,Kansas,US,4
Cherokee,Kansas,US,35
Cheyenne,Kansas,US,11
Clark,Kansas,US,5
Clay,Kansas,US,23
Cloud,Kansas,US,22
Coffey,Kansas,US,14
Comanche,Kansas,US,5
Cowley,Kansas,US,57
Crawford,Kansas,US,53
Decatur,Kansas,US,9
Dickinson,Kansas,US,20
Doniphan,Kansas,US,10
Douglas,Kansas,US,62
Edwards,Kansas,US,10
Elk,Kansas,US,2
Ellis,Kansas,US,61
Ellsworth,Kansas,US,18
Finney,Kansas,US,59
Ford,Kansas,US,49
Franklin,Kansas,US,23
Geary,Kansas,US,14
Gove,Kansas,US,19
Graham,Kansas,US,4
Grant,Kansas,US,14
Gray,Kansas,US,12
Greeley,Kansas,US,1
Greenwood,Kansas,US,7
Hamilton,Kansas,US,0
Harper,Kansas,US,19
Harvey,Kansas,US,37
Haskell,Kansas,US,6
Hodgeman,Kansas,US,5
Jackson,Kansas,US,10
Jefferson,Kansas,US,25
Jewell,Kansas,US,3
Johnson,Kansas,US,600
Kearny,Kansas,US,10
Kingman,Kansas,US,11
Kiowa,Kansas,US,4
Labette,Kansas,US,10
Lane,Kansas,US,7
Leavenworth,Kansas,US,51
Lincoln,Kansas,US,3
Linn,Kansas,US,5
Logan,Kansas,US,6
Lyon,Kansas,US,68
Marion,Kansas,US,10
Marshall,Kansas,US,20
McPherson,Kansas,US,58
Meade,Kansas,US,7
Miami,Kansas,US,19
Mitchell,Kansas,US,7
Montgomery,Kansas,US,40
Morris,Kansas,US,16
Morton,Kansas,US,8
Nemaha,Kansas,US,49
Neosho,Kansas,US,14
Ness,Kansas,US,15
Norton,Kansas,US,26
Osage,Kansas,US,15
Osborne,Kansas,US,2
Ottawa,Kansas,US,10
Out of KS,Kansas,US,0
Pawnee,Kansas,US,8
Phillips,Kansas,US,17
Pottawatomie,Kansas,US,10
Pratt,Kansas,US,23
Rawlins,Kansas,US,6
Reno,Kansas,US,112
Republic,Kansas,US,9
Rice,Kansas,US,5
Riley,Kansas,US,23
Rooks,Kansas,US,11
Rush,Kansas,US,10
Russell,Kansas,US,19
Saline,Kansas,US,81
Scott,Kansas,US,13
Sedgwick,Kansas,US,495
Seward,Kansas,US,32
Shawnee,Kansas,US,262
Sheridan,Kansas,US,8
Sherman,Kansas,US,10
Smith,Kansas,US,2
Stafford,Kansas,US,8
Stanton,Kansas,US,6
Stevens,Kansas,US,7
Sumner,Kansas,US,32
Thomas,Kansas,US,17
Trego,Kansas,US,6
Unassigned,Kansas,US,0
Wabaunsee,Kansas,US,10
Wallace,Kansas,US,3
Washington,Kansas,US,7
Wichita,Kansas,US,5
Wilson,Kansas,US,10
Woodson,Kansas,US,3
Wyandotte,Kansas,US,220
Adair,Kentucky,US,43
Allen,Kentucky,US,19
Anderson,Kentucky,US,4
Ballard,Kentucky,US,3
Barren,Kentucky,US,35
Bath,Kentucky,US,10
Bell,Kentucky,US,30
Boone,Kentucky,US,46
Bourbon,Kentucky,US,1
Boyd,Kentucky,US,31
Boyle,Kentucky,US,12
Bracken,Kentucky,US,3
Breathitt,Kentucky,US,3
Breckinridge,Kentucky,US,5
Bullitt,Kentucky,US,31
Butler,Kentucky,US,16
Caldwell,Kentucky,US,17
Calloway,Kentucky,US,29
Campbell,Kentucky,US,34
Carlisle,Kentucky,US,1
Carroll,Kentucky,US,8
Carter,Kentucky,US,18
Casey,Kentucky,US,26
Christian,Kentucky,US,57
Clark,Kentucky,US,16
Clay,Kentucky,US,12
Clinton,Kentucky,US,19
Crittenden,Kentucky,US,3
Cumberland,Kentucky,US,6
Daviess,Kentucky,US,77
Edmonson,Kentucky,US,13
Elliott,Kentucky,US,1
Estill,Kentucky,US,0
Fayette,Kentucky,US,160
Fleming,Kentucky,US,4
Floyd,Kentucky,US,16
Franklin,Kentucky,US,22
Fulton,Kentucky,US,4
Gallatin,Kentucky,US,12
Garrard,Kentucky,US,4
Grant,Kentucky,US,10
Graves,Kentucky,US,54
Grayson,Kentucky,US,37
Green,Kentucky,US,11
Greenup,Kentucky,US,21
Hancock,Kentucky,US,11
Hardin,Kentucky,US,53
Harlan,Kentucky,US,26
Harrison,Kentucky,US,2
Hart,Kentucky,US,10
Henderson,Kentucky,US,46
Henry,Kentucky,US,5
Hickman,Kentucky,US,7
Hopkins,Kentucky,US,101
Jackson,Kentucky,US,22
Jefferson,Kentucky,US,592
Jessamine,Kentucky,US,48
Johnson,Kentucky,US,16
Kenton,Kentucky,US,78
Knott,Kentucky,US,14
Knox,Kentucky,US,10
Larue,Kentucky,US,6
Laurel,Kentucky,US,17
Lawrence,Kentucky,US,5
Lee,Kentucky,US,18
Leslie,Kentucky,US,2
Letcher,Kentucky,US,4
Lewis,Kentucky,US,28
Lincoln,Kentucky,US,28
Livingston,Kentucky,US,15
Logan,Kentucky,US,42
Lyon,Kentucky,US,8
Madison,Kentucky,US,43
Magoffin,Kentucky,US,1
Marion,Kentucky,US,20
Marshall,Kentucky,US,25
Martin,Kentucky,US,10
Mason,Kentucky,US,23
McCracken,Kentucky,US,47
McCreary,Kentucky,US,6
McLean,Kentucky,US,20
Meade,Kentucky,US,5
Menifee,Kentucky,US,2
Mercer,Kentucky,US,11
Metcalfe,Kentucky,US,9
Monroe,Kentucky,US,28
Montgomery,Kentucky,US,15
Morgan,Kentucky,US,0
Muhlenberg,Kentucky,US,35
Nelson,Kentucky,US,22
Nicholas,Kentucky,US,4
Ohio,Kentucky,US,30
Oldham,Kentucky,US,47
Owen,Kentucky,US,6
Owsley,Kentucky,US,10
Pendleton,Kentucky,US,1
Perry,Kentucky,US,17
Pike,Kentucky,US,39
Powell,Kentucky,US,0
Pulaski,Kentucky,US,56
Robertson,Kentucky,US,8
Rockcastle,Kentucky,US,12
Rowan,Kentucky,US,3
Russell,Kentucky,US,33
Scott,Kentucky,US,24
Shelby,Kentucky,US,29
Simpson,Kentucky,US,12
Spencer,Kentucky,US,5
Taylor,Kentucky,US,21
Todd,Kentucky,US,16
Trigg,Kentucky,US,3
Trimble,Kentucky,US,2
Unassigned,Kentucky,US,0
Union,Kentucky,US,9
Warren,Kentucky,US,85
Washington,Kentucky,US,16
Wayne,Kentucky,US,19
Webster,Kentucky,US,12
Whitley,Kentucky,US,14
Wolfe,Kentucky,US,4
Woodford,Kentucky,US,4
Acadia,Louisiana,US,170
Allen,Louisiana,US,75
Ascension,Louisiana,US,124
Assumption,Louisiana,US,29
Avoyelles,Louisiana,US,98
Beauregard,Louisiana,US,59
Bienville,Louisiana,US,61
Bossier,Louisiana,US,211
Caddo,Louisiana,US,561
Calcasieu,Louisiana,US,298
Caldwell,Louisiana,US,22
Cameron,Louisiana,US,4
Catahoula,Louisiana,US,29
Claiborne,Louisiana,US,43
Concordia,Louisiana,US,44
De Soto,Louisiana,US,54
East Baton Rouge,Louisiana,US,626
East Carroll,Louisiana,US,19
East Feliciana,Louisiana,US,96
Evangeline,Louisiana,US,61
Franklin,Louisiana,US,92
Grant,Louisiana,US,41
Iberia,Louisiana,US,127
Iberville,Louisiana,US,77
Jackson,Louisiana,US,40
Jefferson,Louisiana,US,715
Jefferson Davis,Louisiana,US,69
LaSalle,Louisiana,US,28
Lafayette,Louisiana,US,212
Lafourche,Louisiana,US,167
Lincoln,Louisiana,US,79
Livingston,Louisiana,US,139
Madison,Louisiana,US,25
Morehouse,Louisiana,US,53
Natchitoches,Louisiana,US,66
Orleans,Louisiana,US,696
Ouachita,Louisiana,US,333
Out of LA,Louisiana,US,0
Plaquemines,Louisiana,US,21
Pointe Coupee,Louisiana,US,60
Rapides,Louisiana,US,226
Red River,Louisiana,US,29
Richland,Louisiana,US,40
Sabine,Louisiana,US,47
St. Bernard,Louisiana,US,41
St. Charles,Louisiana,US,80
St. Helena,Louisiana,US,5
St. James,Louisiana,US,45
St. John the Baptist,Louisiana,US,123
St. Landry,Louisiana,US,211
St. Martin,Louisiana,US,94
St. Mary,Louisiana,US,104
St. Tammany,Louisiana,US,384
Tangipahoa,Louisiana,US,206
Tensas,Louisiana,US,4
Terrebonne,Louisiana,US,161
Unassigned,Louisiana,US,0
Union,Louisiana,US,69
Vermilion,Louisiana,US,91
Vernon,Louisiana,US,79
Washington,Louisiana,US,99
Webster,Louisiana,US,74
West Baton Rouge,Louisiana,US,50
West Carroll,Louisiana,US,35
West Feliciana,Louisiana,US,26
Winn,Louisiana,US,33
Androscoggin,Maine,US,50
Aroostook,Maine,US,30
Cumberland,Maine,US,119
Franklin,Maine,US,7
Hancock,Maine,US,25
Kennebec,Maine,US,35
Knox,Maine,US,4
Lincoln,Maine,US,2
Out of ME,Maine,US,0
Oxford,Maine,US,30
Penobscot,Maine,US,37
Piscataquis,Maine,US,1
Sagadahoc,Maine,US,1
Somerset,Maine,US,24
Unassigned,Maine,US,0
Waldo,Maine,US,18
Washington,Maine,US,7
York,Maine,US,87
Allegany,Maryland,US,164
Anne Arundel,Maryland,US,413
Baltimore,Maryland,US,1047
Baltimore City,Maryland,US,760
Calvert,Maryland,US,47
Caroline,Maryland,US,13
Carroll,Maryland,US,180
Cecil,Maryland,US,88
Charles,Maryland,US,133
Dorchester,Maryland,US,24
Frederick,Maryland,US,221
Garrett,Maryland,US,57
Harford,Maryland,US,184
Howard,Maryland,US,190
Kent,Maryland,US,30
Montgomery,Maryland,US,1217
Prince George's,Maryland,US,1161
Queen Anne's,Maryland,US,33
Somerset,Maryland,US,24
St. Mary's,Maryland,US,94
Talbot,Maryland,US,14
Unassigned,Maryland,US,56
Washington,Maryland,US,180
Wicomico,Maryland,US,100
Worcester,Maryland,US,64
Barnstable,Massachusetts,US,291
Berkshire,Massachusetts,US,180
Bristol,Massachusetts,US,1205
Dukes and Nantucket,Massachusetts,US,2
Essex,Massachusetts,US,1844
Franklin,Massachusetts,US,94
Hampden,Massachusetts,US,1124
Hampshire,Massachusetts,US,214
Middlesex,Massachusetts,US,2925
Norfolk,Massachusetts,US,1382
Plymouth,Massachusetts,US,1081
Suffolk,Massachusetts,US,1465
Unassigned,Massachusetts,US,8
Worcester,Massachusetts,US,1694
Alcona,Michigan,US,18
Alger,Michigan,US,3
Allegan,Michigan,US,91
Alpena,Michigan,US,41
Antrim,Michigan,US,16
Arenac,Michigan,US,25
Baraga,Michigan,US,29
Barry,Michigan,US,38
Bay,Michigan,US,230
Benzie,Michigan,US,28
Berrien,Michigan,US,211
Branch,Michigan,US,72
Calhoun,Michigan,US,207
Cass,Michigan,US,54
Charlevoix,Michigan,US,10
Cheboygan,Michigan,US,33
Chippewa,Michigan,US,18
Clare,Michigan,US,57
Clinton,Michigan,US,50
Crawford,Michigan,US,5
Delta,Michigan,US,78
Dickinson,Michigan,US,70
Eaton,Michigan,US,117
Emmet,Michigan,US,34
Federal Correctional Institution (FCI),Michigan,US,5
Genesee,Michigan,US,681
Gladwin,Michigan,US,35
Gogebic,Michigan,US,41
Grand Traverse,Michigan,US,53
Gratiot,Michigan,US,89
Hillsdale,Michigan,US,67
Houghton,Michigan,US,34
Huron,Michigan,US,52
Ingham,Michigan,US,231
Ionia,Michigan,US,57
Iosco,Michigan,US,56
Iron,Michigan,US,37
Isabella,Michigan,US,59
Jackson,Michigan,US,190
Kalamazoo,Michigan,US,278
Kalkaska,Michigan,US,14
Kent,Michigan,US,606
Keweenaw,Michigan,US,2
Lake,Michigan,US,10
Lapeer,Michigan,US,105
Leelanau,Michigan,US,9
Lenawee,Michigan,US,78
Livingston,Michigan,US,94
Luce,Michigan,US,0
Mackinac,Michigan,US,3
Macomb,Michigan,US,1751
Manistee,Michigan,US,18
Marquette,Michigan,US,53
Mason,Michigan,US,22
Mecosta,Michigan,US,15
Menominee,Michigan,US,36
Michigan Department of Corrections (MDOC),Michigan,US,134
Midland,Michigan,US,53
Missaukee,Michigan,US,13
Monroe,Michigan,US,173
Montcalm,Michigan,US,78
Montmorency,Michigan,US,13
Muskegon,Michigan,US,280
Newaygo,Michigan,US,39
Oakland,Michigan,US,1792
Oceana,Michigan,US,44
Ogemaw,Michigan,US,31
Ontonagon,Michigan,US,16
Osceola,Michigan,US,20
Oscoda,Michigan,US,19
Otsego,Michigan,US,25
Ottawa,Michigan,US,307
Out of MI,Michigan,US,11
Presque Isle,Michigan,US,22
Roscommon,Michigan,US,29
Saginaw,Michigan,US,450
Sanilac,Michigan,US,69
Schoolcraft,Michigan,US,4
Shiawassee,Michigan,US,64
St. Clair,Michigan,US,205
St. Joseph,Michigan,US,65
Tuscola,Michigan,US,113
Unassigned,Michigan,US,0
Van Buren,Michigan,US,91
Washtenaw,Michigan,US,217
Wayne,Michigan,US,3837
Wexford,Michigan,US,20
Aitkin,Minnesota,US,33
Anoka,Minnesota,US,358
Becker,Minnesota,US,38
Beltrami,Minnesota,US,46
Benton,Minnesota,US,85
Big Stone,Minnesota,US,3
Blue Earth,Minnesota,US,33
Brown,Minnesota,US,34
Carlton,Minnesota,US,42
Carver,Minnesota,US,36
Cass,Minnesota,US,23
Chippewa,Minnesota,US,32
Chisago,Minnesota,US,32
Clay,Minnesota,US,78
Clearwater,Minnesota,US,14
Cook,Minnesota,US,0
Cottonwood,Minnesota,US,18
Crow Wing,Minnesota,US,73
Dakota,Minnesota,US,325
Dodge,Minnesota,US,4
Douglas,Minnesota,US,66
Faribault,Minnesota,US,14
Fillmore,Minnesota,US,5
Freeborn,Minnesota,US,20
Goodhue,Minnesota,US,57
Grant,Minnesota,US,7
Hennepin,Minnesota,US,1468
Houston,Minnesota,US,13
Hubbard,Minnesota,US,38
Isanti,Minnesota,US,40
Itasca,Minnesota,US,43
Jackson,Minnesota,US,10
Kanabec,Minnesota,US,18
Kandiyohi,Minnesota,US,71
Kittson,Minnesota,US,19
Koochiching,Minnesota,US,10
Lac qui Parle,Minnesota,US,16
Lake,Minnesota,US,15
Lake of the Woods,Minnesota,US,1
Le Sueur,Minnesota,US,15
Lincoln,Minnesota,US,1
Lyon,Minnesota,US,35
Mahnomen,Minnesota,US,7
Marshall,Minnesota,US,15
Martin,Minnesota,US,26
McLeod,Minnesota,US,44
Meeker,Minnesota,US,33
Mille Lacs,Minnesota,US,45
Morrison,Minnesota,US,43
Mower,Minnesota,US,27
Murray,Minnesota,US,5
Nicollet,Minnesota,US,36
Nobles,Minnesota,US,46
Norman,Minnesota,US,8
Olmsted,Minnesota,US,71
Otter Tail,Minnesota,US,62
Pennington,Minnesota,US,15
Pine,Minnesota,US,13
Pipestone,Minnesota,US,23
Polk,Minnesota,US,56
Pope,Minnesota,US,5
Ramsey,Minnesota,US,730
Red Lake,Minnesota,US,4
Redwood,Minnesota,US,27
Renville,Minnesota,US,39
Rice,Minnesota,US,66
Rock,Minnesota,US,12
Roseau,Minnesota,US,16
Scott,Minnesota,US,94
Sherburne,Minnesota,US,64
Sibley,Minnesota,US,7
St. Louis,Minnesota,US,239
Stearns,Minnesota,US,184
Steele,Minnesota,US,9
Stevens,Minnesota,US,8
Swift,Minnesota,US,17
Todd,Minnesota,US,29
Traverse,Minnesota,US,3
Unassigned,Minnesota,US,68
Wabasha,Minnesota,US,2
Wadena,Minnesota,US,14
Waseca,Minnesota,US,15
Washington,Minnesota,US,223
Watonwan,Minnesota,US,8
Wilkin,Minnesota,US,9
Winona,Minnesota,US,46
Wright,Minnesota,US,102
Yellow Medicine,Minnesota,US,14
Adams,Mississippi,US,66
Alcorn,Mississippi,US,51
Amite,Mississippi,US,25
Attala,Mississippi,US,58
Benton,Mississippi,US,23
Bolivar,Mississippi,US,106
Calhoun,Mississippi,US,21
Carroll,Mississippi,US,21
Chickasaw,Mississippi,US,43
Choctaw,Mississippi,US,13
Claiborne,Mississippi,US,25
Clarke,Mississippi,US,60
Clay,Mississippi,US,32
Coahoma,Mississippi,US,54
Copiah,Mississippi,US,49
Covington,Mississippi,US,71
DeSoto,Mississippi,US,171
Forrest,Mississippi,US,117
Franklin,Mississippi,US,15
George,Mississippi,US,38
Greene,Mississippi,US,29
Grenada,Mississippi,US,70
Hancock,Mississippi,US,57
Harrison,Mississippi,US,191
Hinds,Mississippi,US,312
Holmes,Mississippi,US,67
Humphreys,Mississippi,US,24
Issaquena,Mississippi,US,6
Itawamba,Mississippi,US,58
Jackson,Mississippi,US,177
Jasper,Mississippi,US,34
Jefferson,Mississippi,US,19
Jefferson Davis,Mississippi,US,25
Jones,Mississippi,US,108
Kemper,Mississippi,US,20
Lafayette,Mississippi,US,92
Lamar,Mississippi,US,63
Lauderdale,Mississippi,US,177
Lawrence,Mississippi,US,17
Leake,Mississippi,US,64
Lee,Mississippi,US,135
Leflore,Mississippi,US,104
Lincoln,Mississippi,US,85
Lowndes,Mississippi,US,109
Madison,Mississippi,US,160
Marion,Mississippi,US,71
Marshall,Mississippi,US,65
Monroe,Mississippi,US,103
Montgomery,Mississippi,US,34
Neshoba,Mississippi,US,150
Newton,Mississippi,US,42
Noxubee,Mississippi,US,22
Oktibbeha,Mississippi,US,79
Panola,Mississippi,US,75
Pearl River,Mississippi,US,92
Perry,Mississippi,US,31
Pike,Mississippi,US,76
Pontotoc,Mississippi,US,52
Prentiss,Mississippi,US,50
Quitman,Mississippi,US,8
Rankin,Mississippi,US,205
Scott,Mississippi,US,43
Sharkey,Mississippi,US,17
Simpson,Mississippi,US,67
Smith,Mississippi,US,23
Stone,Mississippi,US,18
Sunflower,Mississippi,US,69
Tallahatchie,Mississippi,US,34
Tate,Mississippi,US,59
Tippah,Mississippi,US,46
Tishomingo,Mississippi,US,59
Tunica,Mississippi,US,21
Unassigned,Mississippi,US,0
Union,Mississippi,US,57
Walthall,Mississippi,US,36
Warren,Mississippi,US,95
Washington,Mississippi,US,122
Wayne,Mississippi,US,30
Webster,Mississippi,US,24
Wilkinson,Mississippi,US,25
Winston,Mississippi,US,61
Yalobusha,Mississippi,US,34
Yazoo,Mississippi,US,54
Adair,Missouri,US,6
Andrew,Missouri,US,16
Atchison,Missouri,US,6
Audrain,Missouri,US,43
Barry,Missouri,US,38
Barton,Missouri,US,9
Bates,Missouri,US,14
Benton,Missouri,US,19
Bollinger,Missouri,US,12
Boone,Missouri,US,54
Buchanan,Missouri,US,111
Butler,Missouri,US,18
Caldwell,Missouri,US,7
Callaway,Missouri,US,29
Camden,Missouri,US,66
Cape Girardeau,Missouri,US,106
Carroll,Missouri,US,18
Carter,Missouri,US,7
Cass,Missouri,US,62
Cedar,Missouri,US,9
Chariton,Missouri,US,3
Christian,Missouri,US,60
Clark,Missouri,US,5
Clay,Missouri,US,118
Clinton,Missouri,US,60
Cole,Missouri,US,101
Cooper,Missouri,US,21
Crawford,Missouri,US,21
Dade,Missouri,US,10
Dallas,Missouri,US,19
Daviess,Missouri,US,10
DeKalb,Missouri,US,21
Dent,Missouri,US,9
Douglas,Missouri,US,20
Dunklin,Missouri,US,17
Franklin,Missouri,US,122
Gasconade,Missouri,US,31
Gentry,Missouri,US,16
Greene,Missouri,US,320
Grundy,Missouri,US,28
Harrison,Missouri,US,10
Henry,Missouri,US,25
Hickory,Missouri,US,9
Holt,Missouri,US,9
Howard,Missouri,US,4
Howell,Missouri,US,41
Iron,Missouri,US,1
Jackson,Missouri,US,282
Jasper,Missouri,US,180
Jefferson,Missouri,US,154
Johnson,Missouri,US,34
Kansas City,Missouri,US,380
Knox,Missouri,US,2
Laclede,Missouri,US,54
Lafayette,Missouri,US,44
Lawrence,Missouri,US,59
Lewis,Missouri,US,3
Lincoln,Missouri,US,24
Linn,Missouri,US,11
Livingston,Missouri,US,25
Macon,Missouri,US,10
Madison,Missouri,US,11
Maries,Missouri,US,7
Marion,Missouri,US,32
McDonald,Missouri,US,23
Mercer,Missouri,US,2
Miller,Missouri,US,44
Mississippi,Missouri,US,20
Moniteau,Missouri,US,26
Monroe,Missouri,US,7
Montgomery,Missouri,US,9
Morgan,Missouri,US,31
New Madrid,Missouri,US,39
Newton,Missouri,US,60
Nodaway,Missouri,US,22
Oregon,Missouri,US,3
Osage,Missouri,US,9
Ozark,Missouri,US,5
Pemiscot,Missouri,US,23
Perry,Missouri,US,21
Pettis,Missouri,US,68
Phelps,Missouri,US,103
Pike,Missouri,US,17
Platte,Missouri,US,27
Polk,Missouri,US,25
Pulaski,Missouri,US,33
Putnam,Missouri,US,2
Ralls,Missouri,US,9
Randolph,Missouri,US,20
Ray,Missouri,US,12
Reynolds,Missouri,US,2
Ripley,Missouri,US,9
Saline,Missouri,US,26
Schuyler,Missouri,US,1
Scotland,Missouri,US,3
Scott,Missouri,US,68
Shannon,Missouri,US,9
Shelby,Missouri,US,4
St. Charles,Missouri,US,315
St. Clair,Missouri,US,5
St. Francois,Missouri,US,79
St. Louis,Missouri,US,1554
St. Louis City,Missouri,US,302
Ste. Genevieve,Missouri,US,11
Stoddard,Missouri,US,34
Stone,Missouri,US,28
Sullivan,Missouri,US,12
Taney,Missouri,US,60
Texas,Missouri,US,20
Unassigned,Missouri,US,0
Vernon,Missouri,US,30
Warren,Missouri,US,11
Washington,Missouri,US,41
Wayne,Missouri,US,9
Webster,Missouri,US,45
Worth,Missouri,US,1
Wright,Missouri,US,24
Beaverhead,Montana,US,8
Big Horn,Montana,US,69
Blaine,Montana,US,23
Broadwater,Montana,US,1
Carbon,Montana,US,8
Carter,Montana,US,5
Cascade,Montana,US,122
Chouteau,Montana,US,5
Custer,Montana,US,11
Daniels,Montana,US,5
Dawson,Montana,US,27
Deer Lodge,Montana,US,9
Fallon,Montana,US,2
Fergus,Montana,US,15
Flathead,Montana,US,60
Gallatin,Montana,US,41
Garfield,Montana,US,2
Glacier,Montana,US,24
Golden Valley,Montana,US,0
Granite,Montana,US,2
Hill,Montana,US,37
Jefferson,Montana,US,7
Judith Basin,Montana,US,0
Lake,Montana,US,19
Lewis and Clark,Montana,US,47
Liberty,Montana,US,1
Lincoln,Montana,US,9
Madison,Montana,US,3
McCone,Montana,US,0
Meagher,Montana,US,7
Mineral,Montana,US,0
Missoula,Montana,US,59
Musselshell,Montana,US,7
Park,Montana,US,7
Petroleum,Montana,US,1
Phillips,Montana,US,13
Pondera,Montana,US,3
Powder River,Montana,US,5
Powell,Montana,US,5
Prairie,Montana,US,2
Ravalli,Montana,US,27
Richland,Montana,US,12
Roosevelt,Montana,US,52
Rosebud,Montana,US,29
Sanders,Montana,US,5
Sheridan,Montana,US,5
Silver Bow,Montana,US,63
Stillwater,Montana,US,10
Sweet Grass,Montana,US,6
Teton,Montana,US,5
Toole,Montana,US,8
Treasure,Montana,US,1
Unassigned,Montana,US,0
Valley,Montana,US,9
Wheatland,Montana,US,6
Wibaux,Montana,US,5
Yellowstone,Montana,US,172
Adams,Nebraska,US,36
Antelope,Nebraska,US,5
Arthur,Nebraska,US,0
Banner,Nebraska,US,0
Blaine,Nebraska,US,0
Boone,Nebraska,US,4
Box Butte,Nebraska,US,9
Boyd,Nebraska,US,3
Brown,Nebraska,US,2
Buffalo,Nebraska,US,53
Burt,Nebraska,US,10
Butler,Nebraska,US,10
Cass,Nebraska,US,13
Cedar,Nebraska,US,10
Chase,Nebraska,US,3
Cherry,Nebraska,US,6
Cheyenne,Nebraska,US,15
Clay,Nebraska,US,11
Colfax,Nebraska,US,19
Cuming,Nebraska,US,9
Custer,Nebraska,US,16
Dakota,Nebraska,US,56
Dawes,Nebraska,US,18
Dawson,Nebraska,US,25
Deuel,Nebraska,US,0
Dixon,Nebraska,US,8
Dodge,Nebraska,US,48
Douglas,Nebraska,US,561
Dundy,Nebraska,US,4
Fillmore,Nebraska,US,9
Franklin,Nebraska,US,3
Frontier,Nebraska,US,1
Furnas,Nebraska,US,4
Gage,Nebraska,US,15
Garden,Nebraska,US,1
Garfield,Nebraska,US,3
Gosper,Nebraska,US,4
Grant,Nebraska,US,4
Greeley,Nebraska,US,2
Hall,Nebraska,US,103
Hamilton,Nebraska,US,15
Harlan,Nebraska,US,0
Hayes,Nebraska,US,0
Hitchcock,Nebraska,US,3
Holt,Nebraska,US,14
Hooker,Nebraska,US,2
Howard,Nebraska,US,14
Jefferson,Nebraska,US,1
Johnson,Nebraska,US,7
Kearney,Nebraska,US,4
Keith,Nebraska,US,3
Keya Paha,Nebraska,US,0
Kimball,Nebraska,US,5
Knox,Nebraska,US,7
Lancaster,Nebraska,US,135
Lincoln,Nebraska,US,39
Logan,Nebraska,US,0
Loup,Nebraska,US,0
Madison,Nebraska,US,40
McPherson,Nebraska,US,1
Merrick,Nebraska,US,11
Morrill,Nebraska,US,15
Nance,Nebraska,US,9
Nemaha,Nebraska,US,12
Nuckolls,Nebraska,US,1
Otoe,Nebraska,US,3
Pawnee,Nebraska,US,1
Perkins,Nebraska,US,11
Phelps,Nebraska,US,8
Pierce,Nebraska,US,20
Platte,Nebraska,US,45
Polk,Nebraska,US,9
Red Willow,Nebraska,US,9
Richardson,Nebraska,US,15
Rock,Nebraska,US,2
Saline,Nebraska,US,3
Sarpy,Nebraska,US,82
Saunders,Nebraska,US,11
Scotts Bluff,Nebraska,US,69
Seward,Nebraska,US,25
Sheridan,Nebraska,US,13
Sherman,Nebraska,US,4
Sioux,Nebraska,US,0
Stanton,Nebraska,US,8
Thayer,Nebraska,US,3
Thomas,Nebraska,US,0
Thurston,Nebraska,US,9
Unassigned,Nebraska,US,7
Valley,Nebraska,US,3
Washington,Nebraska,US,17
Wayne,Nebraska,US,6
Webster,Nebraska,US,4
Wheeler,Nebraska,US,0
York,Nebraska,US,9
Carson City,Nevada,US,87
Churchill,Nevada,US,44
Clark,Nevada,US,2795
Douglas,Nevada,US,25
Elko,Nevada,US,40
Esmeralda,Nevada,US,0
Eureka,Nevada,US,0
Humboldt,Nevada,US,11
Lander,Nevada,US,8
Lincoln,Nevada,US,1
Lyon,Nevada,US,47
Mineral,Nevada,US,4
Nye,Nevada,US,55
Pershing,Nevada,US,16
Storey,Nevada,US,2
Unassigned,Nevada,US,0
Washoe,Nevada,US,559
White Pine,Nevada,US,4
Belknap,New Hampshire,US,75
Carroll,New Hampshire,US,4
Cheshire,New Hampshire,US,7
Coos,New Hampshire,US,20
Grafton,New Hampshire,US,9
Hillsborough,New Hampshire,US,494
Merrimack,New Hampshire,US,85
Rockingham,New Hampshire,US,163
Strafford,New Hampshire,US,44
Sullivan,New Hampshire,US,7
Unassigned,New Hampshire,US,0
Atlantic,New Jersey,US,409
Bergen,New Jersey,US,2406
Burlington,New Jersey,US,664
Camden,New Jersey,US,924
Cape May,New Jersey,US,151
Cumberland,New Jersey,US,268
Essex,New Jersey,US,2471
Gloucester,New Jersey,US,445
Hudson,New Jersey,US,1779
Hunterdon,New Jersey,US,143
Mercer,New Jersey,US,769
Middlesex,New Jersey,US,1799
Monmouth,New Jersey,US,1154
Morris,New Jersey,US,1016
Ocean,New Jersey,US,1520
Passaic,New Jersey,US,1534
Salem,New Jersey,US,123
Somerset,New Jersey,US,708
Sussex,New Jersey,US,238
Unassigned,New Jersey,US,0
Union,New Jersey,US,1610
Warren,New Jersey,US,189
Bernalillo,New Mexico,US,676
Catron,New Mexico,US,3
Chaves,New Mexico,US,117
Cibola,New Mexico,US,83
Colfax,New Mexico,US,28
Curry,New Mexico,US,53
De Baca,New Mexico,US,0
Dona Ana,New Mexico,US,318
Eddy,New Mexico,US,86
Grant,New Mexico,US,22
Guadalupe,New Mexico,US,8
Harding,New Mexico,US,0
Hidalgo,New Mexico,US,9
Lea,New Mexico,US,109
Lincoln,New Mexico,US,13
Los Alamos,New Mexico,US,1
Luna,New Mexico,US,49
McKinley,New Mexico,US,372
Mora,New Mexico,US,5
Otero,New Mexico,US,47
Quay,New Mexico,US,8
Rio Arriba,New Mexico,US,45
Roosevelt,New Mexico,US,40
San Juan,New Mexico,US,320
San Miguel,New Mexico,US,6
Sandoval,New Mexico,US,151
Santa Fe,New Mexico,US,91
Sierra,New Mexico,US,40
Socorro,New Mexico,US,46
Taos,New Mexico,US,42
Torrance,New Mexico,US,8
Unassigned,New Mexico,US,0
Union,New Mexico,US,7
Valencia,New Mexico,US,71
Albany,New York,US,248
Allegany,New York,US,75
Bronx,New York,US,5243
Broome,New York,US,248
Cattaraugus,New York,US,60
Cayuga,New York,US,68
Chautauqua,New York,US,51
Chemung,New York,US,107
Chenango,New York,US,38
Clinton,New York,US,13
Columbia,New York,US,66
Cortland,New York,US,52
Delaware,New York,US,16
Dutchess,New York,US,290
Erie,New York,US,1339
Essex,New York,US,16
Franklin,New York,US,9
Fulton,New York,US,47
Genesee,New York,US,91
Greene,New York,US,51
Hamilton,New York,US,1
Herkimer,New York,US,46
Jefferson,New York,US,20
Kings,New York,US,7994
Lewis,New York,US,22
Livingston,New York,US,36
Madison,New York,US,75
Monroe,New York,US,737
Montgomery,New York,US,71
Nassau,New York,US,2518
New York,New York,US,3419
Niagara,New York,US,233
Oneida,New York,US,331
Onondaga,New York,US,517
Ontario,New York,US,77
Orange,New York,US,642
Orleans,New York,US,67
Oswego,New York,US,62
Otsego,New York,US,21
Out of NY,New York,US,163
Putnam,New York,US,70
Queens,New York,US,7782
Rensselaer,New York,US,101
Richmond,New York,US,1363
Rockland,New York,US,806
Saratoga,New York,US,76
Schenectady,New York,US,116
Schoharie,New York,US,5
Schuyler,New York,US,10
Seneca,New York,US,45
St. Lawrence,New York,US,55
Steuben,New York,US,130
Suffolk,New York,US,2545
Sullivan,New York,US,48
Tioga,New York,US,54
Tompkins,New York,US,22
Ulster,New York,US,183
Unassigned,New York,US,108
Warren,New York,US,36
Washington,New York,US,21
Wayne,New York,US,50
Westchester,New York,US,1774
Wyoming,New York,US,41
Yates,New York,US,16
Alamance,North Carolina,US,169
Alexander,North Carolina,US,42
Alleghany,North Carolina,US,3
Anson,North Carolina,US,37
Ashe,North Carolina,US,27
Avery,North Carolina,US,16
Beaufort,North Carolina,US,61
Bertie,North Carolina,US,27
Bladen,North Carolina,US,28
Brunswick,North Carolina,US,79
Buncombe,North Carolina,US,214
Burke,North Carolina,US,90
Cabarrus,North Carolina,US,168
Caldwell,North Carolina,US,31
Camden,North Carolina,US,5
Carteret,North Carolina,US,18
Caswell,North Carolina,US,10
Catawba,North Carolina,US,203
Chatham,North Carolina,US,67
Cherokee,North Carolina,US,16
Chowan,North Carolina,US,20
Clay,North Carolina,US,5
Cleveland,North Carolina,US,169
Columbus,North Carolina,US,101
Craven,North Carolina,US,90
Cumberland,North Carolina,US,151
Currituck,North Carolina,US,12
Dare,North Carolina,US,6
Davidson,North Carolina,US,101
Davie,North Carolina,US,14
Duplin,North Carolina,US,83
Durham,North Carolina,US,150
Edgecombe,North Carolina,US,87
Forsyth,North Carolina,US,246
Franklin,North Carolina,US,39
Gaston,North Carolina,US,273
Gates,North Carolina,US,12
Graham,North Carolina,US,12
Granville,North Carolina,US,69
Greene,North Carolina,US,34
Guilford,North Carolina,US,350
Halifax,North Carolina,US,62
Harnett,North Carolina,US,105
Haywood,North Carolina,US,75
Henderson,North Carolina,US,91
Hertford,North Carolina,US,53
Hoke,North Carolina,US,37
Hyde,North Carolina,US,6
Iredell,North Carolina,US,128
Jackson,North Carolina,US,20
Johnston,North Carolina,US,123
Jones,North Carolina,US,16
Lee,North Carolina,US,46
Lenoir,North Carolina,US,83
Lincoln,North Carolina,US,42
Macon,North Carolina,US,12
Madison,North Carolina,US,23
Martin,North Carolina,US,27
McDowell,North Carolina,US,39
Mecklenburg,North Carolina,US,660
Mitchell,North Carolina,US,10
Montgomery,North Carolina,US,52
Moore,North Carolina,US,80
Nash,North Carolina,US,126
New Hanover,North Carolina,US,100
Northampton,North Carolina,US,27
Onslow,North Carolina,US,87
Orange,North Carolina,US,69
Pamlico,North Carolina,US,6
Pasquotank,North Carolina,US,59
Pender,North Carolina,US,25
Perquimans,North Carolina,US,5
Person,North Carolina,US,35
Pitt,North Carolina,US,69
Polk,North Carolina,US,14
Randolph,North Carolina,US,152
Richmond,North Carolina,US,55
Robeson,North Carolina,US,151
Rockingham,North Carolina,US,32
Rowan,North Carolina,US,207
Rutherford,North Carolina,US,145
Sampson,North Carolina,US,73
Scotland,North Carolina,US,60
Stanly,North Carolina,US,92
Stokes,North Carolina,US,44
Surry,North Carolina,US,96
Swain,North Carolina,US,8
Transylvania,North Carolina,US,12
Tyrrell,North Carolina,US,4
Unassigned,North Carolina,US,0
Union,North Carolina,US,125
Vance,North Carolina,US,72
Wake,North Carolina,US,394
Warren,North Carolina,US,12
Washington,North Carolina,US,19
Watauga,North Carolina,US,22
Wayne,North Carolina,US,163
Wilkes,North Carolina,US,83
Wilson,North Carolina,US,123
Yadkin,North Carolina,US,33
Yancey,North Carolina,US,9
Adams,North Dakota,US,2
Barnes,North Dakota,US,30
Benson,North Dakota,US,17
Billings,North Dakota,US,0
Bottineau,North Dakota,US,20
Bowman,North Dakota,US,4
Burke,North Dakota,US,1
Burleigh,North Dakota,US,181
Cass,North Dakota,US,179
Cavalier,North Dakota,US,4
Dickey,North Dakota,US,32
Divide,North Dakota,US,2
Dunn,North Dakota,US,7
Eddy,North Dakota,US,6
Emmons,North Dakota,US,11
Foster,North Dakota,US,19
Golden Valley,North Dakota,US,1
Grand Forks,North Dakota,US,71
Grant,North Dakota,US,7
Griggs,North Dakota,US,2
Hettinger,North Dakota,US,4
Kidder,North Dakota,US,9
LaMoure,North Dakota,US,16
Logan,North Dakota,US,8
McHenry,North Dakota,US,20
McIntosh,North Dakota,US,7
McKenzie,North Dakota,US,11
McLean,North Dakota,US,30
Mercer,North Dakota,US,9
Morton,North Dakota,US,92
Mountrail,North Dakota,US,15
Nelson,North Dakota,US,12
Oliver,North Dakota,US,2
Pembina,North Dakota,US,11
Pierce,North Dakota,US,22
Ramsey,North Dakota,US,29
Ransom,North Dakota,US,13
Renville,North Dakota,US,12
Richland,North Dakota,US,15
Rolette,North Dakota,US,26
Sargent,North Dakota,US,6
Sheridan,North Dakota,US,2
Sioux,North Dakota,US,11
Slope,North Dakota,US,0
Stark,North Dakota,US,47
Steele,North Dakota,US,2
Stutsman,North Dakota,US,73
Towner,North Dakota,US,10
Traill,North Dakota,US,17
Unassigned,North Dakota,US,22
Walsh,North Dakota,US,22
Ward,North Dakota,US,182
Wells,North Dakota,US,8
Williams,North Dakota,US,34
,Northern Mariana Islands,US,2
Adams,Ohio,US,15
Allen,Ohio,US,126
Ashland,Ohio,US,38
Ashtabula,Ohio,US,67
Athens,Ohio,US,9
Auglaize,Ohio,US,59
Belmont,Ohio,US,40
Brown,Ohio,US,17
Butler,Ohio,US,226
Carroll,Ohio,US,16
Champaign,Ohio,US,27
Clark,Ohio,US,263
Clermont,Ohio,US,103
Clinton,Ohio,US,41
Columbiana,Ohio,US,124
Coshocton,Ohio,US,19
Crawford,Ohio,US,68
Cuyahoga,Ohio,US,970
Darke,Ohio,US,89
Defiance,Ohio,US,78
Delaware,Ohio,US,76
Erie,Ohio,US,117
Fairfield,Ohio,US,80
Fayette,Ohio,US,29
Franklin,Ohio,US,704
Fulton,Ohio,US,43
Gallia,Ohio,US,26
Geauga,Ohio,US,55
Greene,Ohio,US,132
Guernsey,Ohio,US,25
Hamilton,Ohio,US,438
Hancock,Ohio,US,90
Hardin,Ohio,US,32
Harrison,Ohio,US,8
Henry,Ohio,US,47
Highland,Ohio,US,18
Hocking,Ohio,US,23
Holmes,Ohio,US,62
Huron,Ohio,US,38
Jackson,Ohio,US,43
Jefferson,Ohio,US,65
Knox,Ohio,US,22
Lake,Ohio,US,135
Lawrence,Ohio,US,51
Licking,Ohio,US,132
Logan,Ohio,US,28
Lorain,Ohio,US,207
Lucas,Ohio,US,580
Madison,Ohio,US,28
Mahoning,Ohio,US,335
Marion,Ohio,US,112
Medina,Ohio,US,165
Meigs,Ohio,US,21
Mercer,Ohio,US,85
Miami,Ohio,US,73
Monroe,Ohio,US,27
Montgomery,Ohio,US,398
Morgan,Ohio,US,26
Morrow,Ohio,US,4
Muskingum,Ohio,US,39
Noble,Ohio,US,40
Ottawa,Ohio,US,34
Paulding,Ohio,US,21
Perry,Ohio,US,17
Pickaway,Ohio,US,50
Pike,Ohio,US,16
Portage,Ohio,US,104
Preble,Ohio,US,34
Putnam,Ohio,US,72
Richland,Ohio,US,115
Ross,Ohio,US,87
Sandusky,Ohio,US,62
Scioto,Ohio,US,53
Seneca,Ohio,US,54
Shelby,Ohio,US,21
Stark,Ohio,US,395
Summit,Ohio,US,712
Trumbull,Ohio,US,299
Tuscarawas,Ohio,US,172
Unassigned,Ohio,US,0
Union,Ohio,US,28
Van Wert,Ohio,US,44
Vinton,Ohio,US,13
Warren,Ohio,US,138
Washington,Ohio,US,40
Wayne,Ohio,US,162
Williams,Ohio,US,57
Wood,Ohio,US,154
Wyandot,Ohio,US,49
Adair,Oklahoma,US,15
Alfalfa,Oklahoma,US,5
Atoka,Oklahoma,US,5
Beaver,Oklahoma,US,3
Beckham,Oklahoma,US,26
Blaine,Oklahoma,US,4
Bryan,Oklahoma,US,44
Caddo,Oklahoma,US,41
Canadian,Oklahoma,US,57
Carter,Oklahoma,US,19
Cherokee,Oklahoma,US,25
Choctaw,Oklahoma,US,8
Cimarron,Oklahoma,US,1
Cleveland,Oklahoma,US,183
Coal,Oklahoma,US,6
Comanche,Oklahoma,US,85
Cotton,Oklahoma,US,12
Craig,Oklahoma,US,7
Creek,Oklahoma,US,74
Custer,Oklahoma,US,39
Delaware,Oklahoma,US,46
Dewey,Oklahoma,US,4
Ellis,Oklahoma,US,1
Garfield,Oklahoma,US,50
Garvin,Oklahoma,US,23
Grady,Oklahoma,US,42
Grant,Oklahoma,US,5
Greer,Oklahoma,US,10
Harmon,Oklahoma,US,1
Harper,Oklahoma,US,3
Haskell,Oklahoma,US,7
Hughes,Oklahoma,US,11
Jackson,Oklahoma,US,38
Jefferson,Oklahoma,US,4
Johnston,Oklahoma,US,11
Kay,Oklahoma,US,47
Kingfisher,Oklahoma,US,15
Kiowa,Oklahoma,US,12
Latimer,Oklahoma,US,7
Le Flore,Oklahoma,US,34
Lincoln,Oklahoma,US,37
Logan,Oklahoma,US,15
Love,Oklahoma,US,8
Major,Oklahoma,US,4
Marshall,Oklahoma,US,8
Mayes,Oklahoma,US,27
McClain,Oklahoma,US,31
McCurtain,Oklahoma,US,57
McIntosh,Oklahoma,US,21
Murray,Oklahoma,US,12
Muskogee,Oklahoma,US,58
Noble,Oklahoma,US,7
Nowata,Oklahoma,US,11
Okfuskee,Oklahoma,US,15
Oklahoma,Oklahoma,US,494
Okmulgee,Oklahoma,US,34
Osage,Oklahoma,US,33
Ottawa,Oklahoma,US,32
Out of OK,Oklahoma,US,0
Pawnee,Oklahoma,US,17
Payne,Oklahoma,US,34
Pittsburg,Oklahoma,US,25
Pontotoc,Oklahoma,US,31
Pottawatomie,Oklahoma,US,43
Pushmataha,Oklahoma,US,8
Roger Mills,Oklahoma,US,6
Rogers,Oklahoma,US,91
Seminole,Oklahoma,US,22
Sequoyah,Oklahoma,US,23
Stephens,Oklahoma,US,32
Texas,Oklahoma,US,18
Tillman,Oklahoma,US,10
Tulsa,Oklahoma,US,486
Unassigned,Oklahoma,US,0
Wagoner,Oklahoma,US,58
Washington,Oklahoma,US,67
Washita,Oklahoma,US,4
Woods,Oklahoma,US,5
Woodward,Oklahoma,US,11
Baker,Oregon,US,5
Benton,Oregon,US,13
Clackamas,Oregon,US,135
Clatsop,Oregon,US,4
Columbia,Oregon,US,18
Coos,Oregon,US,14
Crook,Oregon,US,9
Curry,Oregon,US,5
Deschutes,Oregon,US,33
Douglas,Oregon,US,43
Gilliam,Oregon,US,1
Grant,Oregon,US,1
Harney,Oregon,US,4
Hood River,Oregon,US,21
Jackson,Oregon,US,82
Jefferson,Oregon,US,25
Josephine,Oregon,US,31
Klamath,Oregon,US,34
Lake,Oregon,US,5
Lane,Oregon,US,107
Lincoln,Oregon,US,17
Linn,Oregon,US,42
Malheur,Oregon,US,51
Marion,Oregon,US,233
Morrow,Oregon,US,10
Multnomah,Oregon,US,454
Polk,Oregon,US,38
Sherman,Oregon,US,0
Tillamook,Oregon,US,2
Umatilla,Oregon,US,67
Unassigned,Oregon,US,0
Union,Oregon,US,16
Wallowa,Oregon,US,3
Wasco,Oregon,US,23
Washington,Oregon,US,166
Wheeler,Oregon,US,1
Yamhill,Oregon,US,45
Adams,Pennsylvania,US,122
Allegheny,Pennsylvania,US,1302
Armstrong,Pennsylvania,US,89
Beaver,Pennsylvania,US,290
Bedford,Pennsylvania,US,107
Berks,Pennsylvania,US,674
Blair,Pennsylvania,US,206
Bradford,Pennsylvania,US,63
Bucks,Pennsylvania,US,964
Butler,Pennsylvania,US,278
Cambria,Pennsylvania,US,322
Cameron,Pennsylvania,US,6
Carbon,Pennsylvania,US,105
Centre,Pennsylvania,US,167
Chester,Pennsylvania,US,572
Clarion,Pennsylvania,US,56
Clearfield,Pennsylvania,US,64
Clinton,Pennsylvania,US,37
Columbia,Pennsylvania,US,96
Crawford,Pennsylvania,US,109
Cumberland,Pennsylvania,US,365
Dauphin,Pennsylvania,US,382
Delaware,Pennsylvania,US,1047
Elk,Pennsylvania,US,27
Erie,Pennsylvania,US,291
Fayette,Pennsylvania,US,172
Forest,Pennsylvania,US,8
Franklin,Pennsylvania,US,273
Fulton,Pennsylvania,US,12
Greene,Pennsylvania,US,25
Huntingdon,Pennsylvania,US,94
Indiana,Pennsylvania,US,139
Jefferson,Pennsylvania,US,58
Juniata,Pennsylvania,US,69
Lackawanna,Pennsylvania,US,298
Lancaster,Pennsylvania,US,828
Lawrence,Pennsylvania,US,144
Lebanon,Pennsylvania,US,191
Lehigh,Pennsylvania,US,596
Luzerne,Pennsylvania,US,523
Lycoming,Pennsylvania,US,174
McKean,Pennsylvania,US,43
Mercer,Pennsylvania,US,186
Mifflin,Pennsylvania,US,134
Monroe,Pennsylvania,US,227
Montgomery,Pennsylvania,US,1279
Montour,Pennsylvania,US,35
Northampton,Pennsylvania,US,503
Northumberland,Pennsylvania,US,266
Perry,Pennsylvania,US,55
Philadelphia,Pennsylvania,US,2722
Pike,Pennsylvania,US,38
Potter,Pennsylvania,US,17
Schuylkill,Pennsylvania,US,289
Snyder,Pennsylvania,US,55
Somerset,Pennsylvania,US,132
Sullivan,Pennsylvania,US,6
Susquehanna,Pennsylvania,US,42
Tioga,Pennsylvania,US,83
Unassigned,Pennsylvania,US,0
Union,Pennsylvania,US,59
Venango,Pennsylvania,US,59
Warren,Pennsylvania,US,68
Washington,Pennsylvania,US,168
Wayne,Pennsylvania,US,34
Westmoreland,Pennsylvania,US,523
Wyoming,Pennsylvania,US,33
York,Pennsylvania,US,534
Adjuntas,Puerto Rico,US,0
Aguada,Puerto Rico,US,0
Aguadilla,Puerto Rico,US,0
Aguas Buenas,Puerto Rico,US,0
Aibonito,Puerto Rico,US,0
Anasco,Puerto Rico,US,0
Arecibo,Puerto Rico,US,0
Arroyo,Puerto Rico,US,0
Barceloneta,Puerto Rico,US,0
Barranquitas,Puerto Rico,US,0
Bayamon,Puerto Rico,US,0
Cabo Rojo,Puerto Rico,US,0
Caguas,Puerto Rico,US,0
Camuy,Puerto Rico,US,0
Canovanas,Puerto Rico,US,0
Carolina,Puerto Rico,US,0
Catano,Puerto Rico,US,0
Cayey,Puerto Rico,US,0
Ceiba,Puerto Rico,US,0
Ciales,Puerto Rico,US,0
Cidra,Puerto Rico,US,0
Coamo,Puerto Rico,US,0
Comerio,Puerto Rico,US,0
Corozal,Puerto Rico,US,0
Culebra,Puerto Rico,US,0
Dorado,Puerto Rico,US,0
Fajardo,Puerto Rico,US,0
Florida,Puerto Rico,US,0
Guanica,Puerto Rico,US,0
Guayama,Puerto Rico,US,0
Guayanilla,Puerto Rico,US,0
Guaynabo,Puerto Rico,US,0
Gurabo,Puerto Rico,US,0
Hatillo,Puerto Rico,US,0
Hormigueros,Puerto Rico,US,0
Humacao,Puerto Rico,US,0
Isabela,Puerto Rico,US,0
Jayuya,Puerto Rico,US,0
Juana Diaz,Puerto Rico,US,0
Juncos,Puerto Rico,US,0
Lajas,Puerto Rico,US,0
Lares,Puerto Rico,US,0
Las Marias,Puerto Rico,US,0
Las Piedras,Puerto Rico,US,0
Loiza,Puerto Rico,US,0
Luquillo,Puerto Rico,US,0
Manati,Puerto Rico,US,0
Maricao,Puerto Rico,US,0
Maunabo,Puerto Rico,US,0
Mayaguez,Puerto Rico,US,0
Moca,Puerto Rico,US,0
Morovis,Puerto Rico,US,0
Naguabo,Puerto Rico,US,0
Naranjito,Puerto Rico,US,0
Orocovis,Puerto Rico,US,0
Out of PR,Puerto Rico,US,0
Patillas,Puerto Rico,US,0
Penuelas,Puerto Rico,US,0
Ponce,Puerto Rico,US,0
Quebradillas,Puerto Rico,US,0
Rincon,Puerto Rico,US,0
Rio Grande,Puerto Rico,US,0
Sabana Grande,Puerto Rico,US,0
Salinas,Puerto Rico,US,0
San German,Puerto Rico,US,0
San Juan,Puerto Rico,US,0
San Lorenzo,Puerto Rico,US,0
San Sebastian,Puerto Rico,US,0
Santa Isabel,Puerto Rico,US,0
Toa Alta,Puerto Rico,US,0
Toa Baja,Puerto Rico,US,0
Trujillo Alto,Puerto Rico,US,0
Unassigned,Puerto Rico,US,1692
Utuado,Puerto Rico,US,0
Vega Alta,Puerto Rico,US,0
Vega Baja,Puerto Rico,US,0
Vieques,Puerto Rico,US,0
Villalba,Puerto Rico,US,0
Yabucoa,Puerto Rico,US,0
Yauco,Puerto Rico,US,0
,Recovered,US,0
Bristol,Rhode Island,US,78
Kent,Rhode Island,US,227
Newport,Rhode Island,US,12
Providence,Rhode Island,US,1480
Unassigned,Rhode Island,US,82
Washington,Rhode Island,US,126
Abbeville,South Carolina,US,26
Aiken,South Carolina,US,150
Allendale,South Carolina,US,11
Anderson,South Carolina,US,319
Bamberg,South Carolina,US,43
Barnwell,South Carolina,US,37
Beaufort,South Carolina,US,122
Berkeley,South Carolina,US,118
Calhoun,South Carolina,US,25
Charleston,South Carolina,US,344
Cherokee,South Carolina,US,94
Chester,South Carolina,US,48
Chesterfield,South Carolina,US,69
Clarendon,South Carolina,US,81
Colleton,South Carolina,US,64
Darlington,South Carolina,US,110
Dillon,South Carolina,US,65
Dorchester,South Carolina,US,131
Edgefield,South Carolina,US,26
Fairfield,South Carolina,US,56
Florence,South Carolina,US,309
Georgetown,South Carolina,US,100
Greenville,South Carolina,US,600
Greenwood,South Carolina,US,106
Hampton,South Carolina,US,38
Horry,South Carolina,US,364
Jasper,South Carolina,US,27
Kershaw,South Carolina,US,86
Lancaster,South Carolina,US,99
Laurens,South Carolina,US,97
Lee,South Carolina,US,43
Lexington,South Carolina,US,310
Marion,South Carolina,US,80
Marlboro,South Carolina,US,33
McCormick,South Carolina,US,9
Newberry,South Carolina,US,74
Oconee,South Carolina,US,78
Orangeburg,South Carolina,US,165
Pickens,South Carolina,US,182
Richland,South Carolina,US,363
Saluda,South Carolina,US,29
Spartanburg,South Carolina,US,461
Sumter,South Carolina,US,125
Unassigned,South Carolina,US,0
Union,South Carolina,US,51
Williamsburg,South Carolina,US,68
York,South Carolina,US,201
Aurora,South Dakota,US,11
Beadle,South Dakota,US,38
Bennett,South Dakota,US,8
Bon Homme,South Dakota,US,23
Brookings,South Dakota,US,32
Brown,South Dakota,US,72
Brule,South Dakota,US,7
Buffalo,South Dakota,US,11
Butte,South Dakota,US,20
Campbell,South Dakota,US,4
Charles Mix,South Dakota,US,14
Clark,South Dakota,US,4
Clay,South Dakota,US,12
Codington,South Dakota,US,73
Corson,South Dakota,US,11
Custer,South Dakota,US,10
Davison,South Dakota,US,54
Day,South Dakota,US,23
Deuel,South Dakota,US,7
Dewey,South Dakota,US,17
Douglas,South Dakota,US,9
Edmunds,South Dakota,US,5
Fall River,South Dakota,US,13
Faulk,South Dakota,US,13
Grant,South Dakota,US,35
Gregory,South Dakota,US,26
Haakon,South Dakota,US,9
Hamlin,South Dakota,US,38
Hand,South Dakota,US,4
Hanson,South Dakota,US,3
Harding,South Dakota,US,1
Hughes,South Dakota,US,30
Hutchinson,South Dakota,US,21
Hyde,South Dakota,US,1
Jackson,South Dakota,US,13
Jerauld,South Dakota,US,16
Jones,South Dakota,US,0
Kingsbury,South Dakota,US,13
Lake,South Dakota,US,16
Lawrence,South Dakota,US,33
Lincoln,South Dakota,US,68
Lyman,South Dakota,US,9
Marshall,South Dakota,US,5
McCook,South Dakota,US,22
McPherson,South Dakota,US,3
Meade,South Dakota,US,26
Mellette,South Dakota,US,2
Miner,South Dakota,US,7
Minnehaha,South Dakota,US,291
Moody,South Dakota,US,15
Oglala Lakota,South Dakota,US,38
Pennington,South Dakota,US,152
Perkins,South Dakota,US,11
Potter,South Dakota,US,3
Roberts,South Dakota,US,32
Sanborn,South Dakota,US,3
Spink,South Dakota,US,24
Stanley,South Dakota,US,2
Sully,South Dakota,US,3
Todd,South Dakota,US,19
Tripp,South Dakota,US,14
Turner,South Dakota,US,49
Unassigned,South Dakota,US,0
Union,South Dakota,US,32
Walworth,South Dakota,US,14
Yankton,South Dakota,US,27
Ziebach,South Dakota,US,8
Anderson,Tennessee,US,101
Bedford,Tennessee,US,85
Benton,Tennessee,US,35
Bledsoe,Tennessee,US,10
Blount,Tennessee,US,122
Bradley,Tennessee,US,90
Campbell,Tennessee,US,39
Cannon,Tennessee,US,19
Carroll,Tennessee,US,59
Carter,Tennessee,US,112
Cheatham,Tennessee,US,28
Chester,Tennessee,US,37
Claiborne,Tennessee,US,21
Clay,Tennessee,US,26
Cocke,Tennessee,US,56
Coffee,Tennessee,US,81
Crockett,Tennessee,US,38
Cumberland,Tennessee,US,72
Davidson,Tennessee,US,654
DeKalb,Tennessee,US,40
Decatur,Tennessee,US,26
Dickson,Tennessee,US,77
Dyer,Tennessee,US,81
Fayette,Tennessee,US,51
Fentress,Tennessee,US,31
Franklin,Tennessee,US,56
Gibson,Tennessee,US,111
Giles,Tennessee,US,71
Grainger,Tennessee,US,35
Greene,Tennessee,US,108
Grundy,Tennessee,US,20
Hamblen,Tennessee,US,106
Hamilton,Tennessee,US,324
Hancock,Tennessee,US,6
Hardeman,Tennessee,US,52
Hardin,Tennessee,US,46
Hawkins,Tennessee,US,68
Haywood,Tennessee,US,45
Henderson,Tennessee,US,55
Henry,Tennessee,US,57
Hickman,Tennessee,US,34
Houston,Tennessee,US,22
Humphreys,Tennessee,US,17
Jackson,Tennessee,US,21
Jefferson,Tennessee,US,75
Johnson,Tennessee,US,31
Knox,Tennessee,US,389
Lake,Tennessee,US,19
Lauderdale,Tennessee,US,31
Lawrence,Tennessee,US,69
Lewis,Tennessee,US,20
Lincoln,Tennessee,US,44
Loudon,Tennessee,US,50
Macon,Tennessee,US,50
Madison,Tennessee,US,178
Marion,Tennessee,US,31
Marshall,Tennessee,US,36
Maury,Tennessee,US,122
McMinn,Tennessee,US,73
McNairy,Tennessee,US,42
Meigs,Tennessee,US,16
Monroe,Tennessee,US,62
Montgomery,Tennessee,US,148
Moore,Tennessee,US,8
Morgan,Tennessee,US,15
Obion,Tennessee,US,74
Out of TN,Tennessee,US,78
Overton,Tennessee,US,42
Perry,Tennessee,US,25
Pickett,Tennessee,US,19
Polk,Tennessee,US,17
Putnam,Tennessee,US,136
Rhea,Tennessee,US,55
Roane,Tennessee,US,77
Robertson,Tennessee,US,85
Rutherford,Tennessee,US,282
Scott,Tennessee,US,31
Sequatchie,Tennessee,US,18
Sevier,Tennessee,US,108
Shelby,Tennessee,US,1102
Smith,Tennessee,US,27
Stewart,Tennessee,US,20
Sullivan,Tennessee,US,209
Sumner,Tennessee,US,229
Tipton,Tennessee,US,64
Trousdale,Tennessee,US,14
Unassigned,Tennessee,US,128
Unicoi,Tennessee,US,43
Union,Tennessee,US,21
Van Buren,Tennessee,US,7
Warren,Tennessee,US,53
Washington,Tennessee,US,191
Wayne,Tennessee,US,19
Weakley,Tennessee,US,48
White,Tennessee,US,43
Williamson,Tennessee,US,138
Wilson,Tennessee,US,154
Anderson,Texas,US,73
Andrews,Texas,US,34
Angelina,Texas,US,185
Aransas,Texas,US,26
Archer,Texas,US,8
Armstrong,Texas,US,6
Atascosa,Texas,US,85
Austin,Texas,US,17
Bailey,Texas,US,13
Bandera,Texas,US,17
Bastrop,Texas,US,53
Baylor,Texas,US,9
Bee,Texas,US,52
Bell,Texas,US,193
Bexar,Texas,US,1942
Blanco,Texas,US,11
Borden,Texas,US,0
Bosque,Texas,US,19
Bowie,Texas,US,137
Brazoria,Texas,US,266
Brazos,Texas,US,153
Brewster,Texas,US,8
Briscoe,Texas,US,3
Brooks,Texas,US,29
Brown,Texas,US,78
Burleson,Texas,US,21
Burnet,Texas,US,32
Caldwell,Texas,US,51
Calhoun,Texas,US,11
Callahan,Texas,US,25
Cameron,Texas,US,1219
Camp,Texas,US,30
Carson,Texas,US,11
Cass,Texas,US,57
Castro,Texas,US,21
Chambers,Texas,US,12
Cherokee,Texas,US,86
Childress,Texas,US,12
Clay,Texas,US,13
Cochran,Texas,US,11
Coke,Texas,US,10
Coleman,Texas,US,18
Collin,Texas,US,451
Collingsworth,Texas,US,8
Colorado,Texas,US,17
Comal,Texas,US,178
Comanche,Texas,US,35
Concho,Texas,US,4
Cooke,Texas,US,42
Coryell,Texas,US,39
Cottle,Texas,US,6
Crane,Texas,US,11
Crockett,Texas,US,13
Crosby,Texas,US,22
Culberson,Texas,US,4
Dallam,Texas,US,20
Dallas,Texas,US,2333
Dawson,Texas,US,59
DeWitt,Texas,US,50
Deaf Smith,Texas,US,59
Delta,Texas,US,5
Denton,Texas,US,416
Dickens,Texas,US,7
Dimmit,Texas,US,13
Donley,Texas,US,7
Duval,Texas,US,31
Eastland,Texas,US,18
Ector,Texas,US,259
Edwards,Texas,US,3
El Paso,Texas,US,1896
Ellis,Texas,US,188
Erath,Texas,US,39
Falls,Texas,US,21
Fannin,Texas,US,64
Fayette,Texas,US,43
Fisher,Texas,US,10
Floyd,Texas,US,25
Foard,Texas,US,5
Fort Bend,Texas,US,424
Franklin,Texas,US,15
Freestone,Texas,US,28
Frio,Texas,US,22
Gaines,Texas,US,33
Galveston,Texas,US,241
Garza,Texas,US,18
Gillespie,Texas,US,28
Glasscock,Texas,US,1
Goliad,Texas,US,9
Gonzales,Texas,US,27
Gray,Texas,US,40
Grayson,Texas,US,215
Gregg,Texas,US,210
Grimes,Texas,US,51
Guadalupe,Texas,US,122
Hale,Texas,US,132
Hall,Texas,US,10
Hamilton,Texas,US,19
Hansford,Texas,US,15
Hardeman,Texas,US,9
Hardin,Texas,US,64
Harris,Texas,US,3691
Harrison,Texas,US,70
Hartley,Texas,US,1
Haskell,Texas,US,13
Hays,Texas,US,148
Hemphill,Texas,US,2
Henderson,Texas,US,95
Hidalgo,Texas,US,2283
Hill,Texas,US,41
Hockley,Texas,US,89
Hood,Texas,US,80
Hopkins,Texas,US,83
Houston,Texas,US,28
Howard,Texas,US,71
Hudspeth,Texas,US,8
Hunt,Texas,US,97
Hutchinson,Texas,US,56
Irion,Texas,US,1
Jack,Texas,US,12
Jackson,Texas,US,23
Jasper,Texas,US,48
Jeff Davis,Texas,US,1
Jefferson,Texas,US,255
Jim Hogg,Texas,US,11
Jim Wells,Texas,US,69
Johnson,Texas,US,196
Jones,Texas,US,35
Karnes,Texas,US,25
Kaufman,Texas,US,148
Kendall,Texas,US,39
Kenedy,Texas,US,2
Kent,Texas,US,1
Kerr,Texas,US,49
Kimble,Texas,US,6
King,Texas,US,0
Kinney,Texas,US,3
Kleberg,Texas,US,63
Knox,Texas,US,12
La Salle,Texas,US,15
Lamar,Texas,US,105
Lamb,Texas,US,72
Lampasas,Texas,US,17
Lavaca,Texas,US,59
Lee,Texas,US,34
Leon,Texas,US,28
Liberty,Texas,US,107
Limestone,Texas,US,32
Lipscomb,Texas,US,9
Live Oak,Texas,US,16
Llano,Texas,US,25
Loving,Texas,US,0
Lubbock,Texas,US,623
Lynn,Texas,US,15
Madison,Texas,US,18
Marion,Texas,US,19
Martin,Texas,US,17
Mason,Texas,US,4
Matagorda,Texas,US,70
Maverick,Texas,US,216
McCulloch,Texas,US,12
McLennan,Texas,US,329
McMullen,Texas,US,2
Medina,Texas,US,59
Menard,Texas,US,5
Midland,Texas,US,202
Milam,Texas,US,18
Mills,Texas,US,14
Mitchell,Texas,US,17
Montague,Texas,US,45
Montgomery,Texas,US,304
Moore,Texas,US,55
Morris,Texas,US,12
Motley,Texas,US,6
Nacogdoches,Texas,US,106
Navarro,Texas,US,69
Newton,Texas,US,19
Nolan,Texas,US,36
Nueces,Texas,US,600
Ochiltree,Texas,US,18
Oldham,Texas,US,2
Orange,Texas,US,78
Palo Pinto,Texas,US,48
Panola,Texas,US,47
Parker,Texas,US,110
Parmer,Texas,US,32
Pecos,Texas,US,26
Polk,Texas,US,64
Potter,Texas,US,328
Presidio,Texas,US,19
Rains,Texas,US,19
Randall,Texas,US,197
Reagan,Texas,US,7
Real,Texas,US,12
Red River,Texas,US,30
Reeves,Texas,US,33
Refugio,Texas,US,17
Roberts,Texas,US,1
Robertson,Texas,US,23
Rockwall,Texas,US,67
Runnels,Texas,US,23
Rusk,Texas,US,60
Sabine,Texas,US,24
San Augustine,Texas,US,26
San Jacinto,Texas,US,21
San Patricio,Texas,US,107
San Saba,Texas,US,15
Schleicher,Texas,US,6
Scurry,Texas,US,42
Shackelford,Texas,US,1
Shelby,Texas,US,41
Sherman,Texas,US,11
Smith,Texas,US,295
Somervell,Texas,US,8
Starr,Texas,US,212
Stephens,Texas,US,17
Sterling,Texas,US,4
Stonewall,Texas,US,3
Sutton,Texas,US,6
Swisher,Texas,US,14
Tarrant,Texas,US,1787
Taylor,Texas,US,241
Terrell,Texas,US,1
Terry,Texas,US,45
Throckmorton,Texas,US,3
Titus,Texas,US,52
Tom Green,Texas,US,199
Travis,Texas,US,598
Trinity,Texas,US,11
Tyler,Texas,US,17
Unassigned,Texas,US,0
Upshur,Texas,US,39
Upton,Texas,US,7
Uvalde,Texas,US,46
Val Verde,Texas,US,157
Van Zandt,Texas,US,74
Victoria,Texas,US,131
Walker,Texas,US,93
Waller,Texas,US,23
Ward,Texas,US,12
Washington,Texas,US,69
Webb,Texas,US,497
Wharton,Texas,US,81
Wheeler,Texas,US,9
Wichita,Texas,US,250
Wilbarger,Texas,US,41
Willacy,Texas,US,67
Williamson,Texas,US,255
Wilson,Texas,US,39
Winkler,Texas,US,15
Wise,Texas,US,80
Wood,Texas,US,83
Yoakum,Texas,US,23
Young,Texas,US,31
Zapata,Texas,US,18
Zavala,Texas,US,28
Bear River,Utah,US,50
Central Utah,Utah,US,38
Davis,Utah,US,107
Salt Lake,Utah,US,621
San Juan,Utah,US,35
Southeast Utah,Utah,US,13
Southwest Utah,Utah,US,176
Summit,Utah,US,6
Tooele,Utah,US,17
TriCounty,Utah,US,24
Unassigned,Utah,US,0
Utah,Utah,US,241
Wasatch,Utah,US,16
Weber-Morgan,Utah,US,128
Addison,Vermont,US,5
Bennington,Vermont,US,3
Caledonia,Vermont,US,4
Chittenden,Vermont,US,78
Essex,Vermont,US,0
Franklin,Vermont,US,33
Grand Isle,Vermont,US,0
Lamoille,Vermont,US,1
Orange,Vermont,US,1
Orleans,Vermont,US,5
Rutland,Vermont,US,9
Unassigned,Vermont,US,0
Washington,Vermont,US,11
Windham,Vermont,US,9
Windsor,Vermont,US,4
,Virgin Islands,US,24
Accomack,Virginia,US,31
Albemarle,Virginia,US,34
Alexandria,Virginia,US,94
Alleghany,Virginia,US,27
Amelia,Virginia,US,7
Amherst,Virginia,US,10
Appomattox,Virginia,US,7
Arlington,Virginia,US,187
Augusta,Virginia,US,39
Bath,Virginia,US,0
Bedford,Virginia,US,33
Bland,Virginia,US,7
Botetourt,Virginia,US,18
Bristol,Virginia,US,11
Brunswick,Virginia,US,7
Buchanan,Virginia,US,25
Buckingham,Virginia,US,13
Buena Vista,Virginia,US,8
Campbell,Virginia,US,25
Caroline,Virginia,US,12
Carroll,Virginia,US,43
Charles City,Virginia,US,9
Charlotte,Virginia,US,10
Charlottesville,Virginia,US,35
Chesapeake,Virginia,US,113
Chesterfield,Virginia,US,191
Clarke,Virginia,US,7
Colonial Heights,Virginia,US,30
Covington,Virginia,US,4
Craig,Virginia,US,2
Culpeper,Virginia,US,30
Cumberland,Virginia,US,4
Danville,Virginia,US,63
Dickenson,Virginia,US,11
Dinwiddie,Virginia,US,17
Emporia,Virginia,US,30
Essex,Virginia,US,3
Fairfax,Virginia,US,730
Fairfax City,Virginia,US,10
Falls Church,Virginia,US,6
Fauquier,Virginia,US,30
Floyd,Virginia,US,18
Fluvanna,Virginia,US,11
Franklin,Virginia,US,28
Franklin City,Virginia,US,18
Frederick,Virginia,US,37
Fredericksburg,Virginia,US,12
Galax,Virginia,US,37
Giles,Virginia,US,6
Gloucester,Virginia,US,14
Goochland,Virginia,US,7
Grayson,Virginia,US,25
Greene,Virginia,US,4
Greensville,Virginia,US,17
Halifax,Virginia,US,46
Hampton,Virginia,US,57
Hanover,Virginia,US,83
Harrisonburg,Virginia,US,50
Henrico,Virginia,US,313
Henry,Virginia,US,63
Highland,Virginia,US,0
Hopewell,Virginia,US,12
Isle of Wight,Virginia,US,33
James City,Virginia,US,33
King George,Virginia,US,10
King William,Virginia,US,5
King and Queen,Virginia,US,2
Lancaster,Virginia,US,3
Lee,Virginia,US,32
Lexington,Virginia,US,12
Loudoun,Virginia,US,166
Louisa,Virginia,US,11
Lunenburg,Virginia,US,3
Lynchburg,Virginia,US,60
Madison,Virginia,US,5
Manassas,Virginia,US,29
Manassas Park,Virginia,US,8
Martinsville,Virginia,US,28
Mathews,Virginia,US,4
Mecklenburg,Virginia,US,42
Middlesex,Virginia,US,13
Montgomery,Virginia,US,49
Nelson,Virginia,US,4
New Kent,Virginia,US,7
Newport News,Virginia,US,76
Norfolk,Virginia,US,123
Northampton,Virginia,US,31
Northumberland,Virginia,US,11
Norton,Virginia,US,3
Nottoway,Virginia,US,25
Orange,Virginia,US,16
Page,Virginia,US,35
Patrick,Virginia,US,28
Petersburg,Virginia,US,35
Pittsylvania,Virginia,US,41
Poquoson,Virginia,US,7
Portsmouth,Virginia,US,90
Powhatan,Virginia,US,6
Prince Edward,Virginia,US,19
Prince George,Virginia,US,9
Prince William,Virginia,US,274
Pulaski,Virginia,US,38
Radford,Virginia,US,8
Rappahannock,Virginia,US,2
Richmond,Virginia,US,6
Richmond City,Virginia,US,118
Roanoke,Virginia,US,73
Roanoke City,Virginia,US,110
Rockbridge,Virginia,US,9
Rockingham,Virginia,US,58
Russell,Virginia,US,22
Salem,Virginia,US,32
Scott,Virginia,US,40
Shenandoah,Virginia,US,80
Smyth,Virginia,US,62
Southampton,Virginia,US,43
Spotsylvania,Virginia,US,72
Stafford,Virginia,US,32
Staunton,Virginia,US,43
Suffolk,Virginia,US,100
Surry,Virginia,US,5
Sussex,Virginia,US,14
Tazewell,Virginia,US,28
Unassigned,Virginia,US,0
Virginia Beach,Virginia,US,175
Warren,Virginia,US,36
Washington,Virginia,US,60
Waynesboro,Virginia,US,19
Westmoreland,Virginia,US,12
Williamsburg,Virginia,US,8
Winchester,Virginia,US,18
Wise,Virginia,US,71
Wythe,Virginia,US,30
York,Virginia,US,13
Adams,Washington,US,17
Asotin,Washington,US,25
Benton,Washington,US,178
Chelan,Washington,US,42
Clallam,Washington,US,4
Clark,Washington,US,165
Columbia,Washington,US,4
Cowlitz,Washington,US,34
Douglas,Washington,US,17
Ferry,Washington,US,4
Franklin,Washington,US,87
Garfield,Washington,US,4
Grant,Washington,US,52
Grays Harbor,Washington,US,28
Island,Washington,US,22
Jefferson,Washington,US,2
King,Washington,US,1152
Kitsap,Washington,US,52
Kittitas,Washington,US,30
Klickitat,Washington,US,3
Lewis,Washington,US,36
Lincoln,Washington,US,5
Mason,Washington,US,16
Okanogan,Washington,US,30
Pacific,Washington,US,8
Pend Oreille,Washington,US,4
Pierce,Washington,US,415
San Juan,Washington,US,0
Skagit,Washington,US,46
Skamania,Washington,US,1
Snohomish,Washington,US,442
Spokane,Washington,US,415
Stevens,Washington,US,19
Thurston,Washington,US,60
Unassigned,Washington,US,4
Wahkiakum,Washington,US,0
Walla Walla,Washington,US,44
Whatcom,Washington,US,56
Whitman,Washington,US,35
Yakima,Washington,US,345
Barbour,West Virginia,US,14
Berkeley,West Virginia,US,66
Boone,West Virginia,US,28
Braxton,West Virginia,US,1
Brooke,West Virginia,US,42
Cabell,West Virginia,US,128
Calhoun,West Virginia,US,0
Clay,West Virginia,US,4
Doddridge,West Virginia,US,3
Fayette,West Virginia,US,55
Gilmer,West Virginia,US,6
Grant,West Virginia,US,19
Greenbrier,West Virginia,US,45
Hampshire,West Virginia,US,24
Hancock,West Virginia,US,66
Hardy,West Virginia,US,12
Harrison,West Virginia,US,42
Jackson,West Virginia,US,41
Jefferson,West Virginia,US,29
Kanawha,West Virginia,US,237
Lewis,West Virginia,US,10
Lincoln,West Virginia,US,9
Logan,West Virginia,US,65
Marion,West Virginia,US,23
Marshall,West Virginia,US,57
Mason,West Virginia,US,26
McDowell,West Virginia,US,7
Mercer,West Virginia,US,71
Mineral,West Virginia,US,72
Mingo,West Virginia,US,20
Monongalia,West Virginia,US,52
Monroe,West Virginia,US,11
Morgan,West Virginia,US,9
Nicholas,West Virginia,US,9
Ohio,West Virginia,US,54
Pendleton,West Virginia,US,3
Pleasants,West Virginia,US,11
Pocahontas,West Virginia,US,9
Preston,West Virginia,US,34
Putnam,West Virginia,US,63
Raleigh,West Virginia,US,37
Randolph,West Virginia,US,8
Ritchie,West Virginia,US,8
Roane,West Virginia,US,6
Summers,West Virginia,US,18
Taylor,West Virginia,US,13
Tucker,West Virginia,US,5
Tyler,West Virginia,US,3
Unassigned,West Virginia,US,0
Upshur,West Virginia,US,15
Wayne,West Virginia,US,25
Webster,West Virginia,US,0
Wetzel,West Virginia,US,17
Wirt,West Virginia,US,1
Wood,West Virginia,US,76
Wyoming,West Virginia,US,24
Adams,Wisconsin,US,13
Ashland,Wisconsin,US,16
Barron,Wisconsin,US,63
Bayfield,Wisconsin,US,18
Brown,Wisconsin,US,185
Buffalo,Wisconsin,US,7
Burnett,Wisconsin,US,23
Calumet,Wisconsin,US,40
Chippewa,Wisconsin,US,74
Clark,Wisconsin,US,58
Columbia,Wisconsin,US,42
Crawford,Wisconsin,US,13
Dane,Wisconsin,US,237
Dodge,Wisconsin,US,146
Door,Wisconsin,US,20
Douglas,Wisconsin,US,30
Dunn,Wisconsin,US,25
Eau Claire,Wisconsin,US,102
Florence,Wisconsin,US,12
Fond du Lac,Wisconsin,US,80
Forest,Wisconsin,US,25
Grant,Wisconsin,US,82
Green,Wisconsin,US,14
Green Lake,Wisconsin,US,17
Iowa,Wisconsin,US,9
Iron,Wisconsin,US,36
Jackson,Wisconsin,US,19
Jefferson,Wisconsin,US,67
Juneau,Wisconsin,US,14
Kenosha,Wisconsin,US,259
Kewaunee,Wisconsin,US,26
La Crosse,Wisconsin,US,65
Lafayette,Wisconsin,US,7
Langlade,Wisconsin,US,41
Lincoln,Wisconsin,US,64
Manitowoc,Wisconsin,US,67
Marathon,Wisconsin,US,193
Marinette,Wisconsin,US,54
Marquette,Wisconsin,US,25
Menominee,Wisconsin,US,11
Milwaukee,Wisconsin,US,1029
Monroe,Wisconsin,US,27
Oconto,Wisconsin,US,47
Oneida,Wisconsin,US,53
Outagamie,Wisconsin,US,172
Ozaukee,Wisconsin,US,65
Pepin,Wisconsin,US,6
Pierce,Wisconsin,US,37
Polk,Wisconsin,US,30
Portage,Wisconsin,US,60
Price,Wisconsin,US,6
Racine,Wisconsin,US,291
Richland,Wisconsin,US,13
Rock,Wisconsin,US,138
Rusk,Wisconsin,US,15
Sauk,Wisconsin,US,37
Sawyer,Wisconsin,US,17
Shawano,Wisconsin,US,74
Sheboygan,Wisconsin,US,112
St. Croix,Wisconsin,US,36
Taylor,Wisconsin,US,22
Trempealeau,Wisconsin,US,33
Unassigned,Wisconsin,US,0
Vernon,Wisconsin,US,34
Vilas,Wisconsin,US,33
Walworth,Wisconsin,US,121
Washburn,Wisconsin,US,17
Washington,Wisconsin,US,113
Waukesha,Wisconsin,US,415
Waupaca,Wisconsin,US,140
Waushara,Wisconsin,US,24
Winnebago,Wisconsin,US,182
Wood,Wisconsin,US,72
Albany,Wyoming,US,10
Big Horn,Wyoming,US,22
Campbell,Wyoming,US,45
Carbon,Wyoming,US,16
Converse,Wyoming,US,13
Crook,Wyoming,US,9
Fremont,Wyoming,US,71
Goshen,Wyoming,US,19
Hot Springs,Wyoming,US,2
Johnson,Wyoming,US,9
Laramie,Wyoming,US,75
Lincoln,Wyoming,US,11
Natrona,Wyoming,US,103
Niobrara,Wyoming,US,2
Park,Wyoming,US,16
Platte,Wyoming,US,9
Sheridan,Wyoming,US,17
Sublette,Wyoming,US,7
Sweetwater,Wyoming,US,26
Teton,Wyoming,US,4
Uinta,Wyoming,US,9
Unassigned,Wyoming,US,0
Washakie,Wyoming,US,23
Weston,Wyoming,US,4
