Admin2,Province/State,Country/Region,04-02-2021
Autauga,Alabama,US,6606
Baldwin,Alabama,US,20519
Barbour,Alabama,US,2228
Bibb,Alabama,US,2544
Blount,Alabama,US,6455
Bullock,Alabama,US,1207
Butler,Alabama,US,2106
Calhoun,Alabama,US,14233
Chambers,Alabama,US,3489
Cherokee,Alabama,US,1811
Chilton,Alabama,US,4053
Choctaw,Alabama,US,583
Clarke,Alabama,US,3453
Clay,Alabama,US,1485
Cleburne,Alabama,US,1454
Coffee,Alabama,US,5388
Colbert,Alabama,US,6177
Conecuh,Alabama,US,1086
Coosa,Alabama,US,951
Covington,Alabama,US,4045
Crenshaw,Alabama,US,1502
Cullman,Alabama,US,9394
Dale,Alabama,US,4766
Dallas,Alabama,US,3513
DeKalb,Alabama,US,8702
Elmore,Alabama,US,9982
Escambia,Alabama,US,3864
Etowah,Alabama,US,13650
Fayette,Alabama,US,2068
Franklin,Alabama,US,4187
Geneva,Alabama,US,2453
Greene,Alabama,US,904
Hale,Alabama,US,2167
Henry,Alabama,US,1871
Houston,Alabama,US,10347
Jackson,Alabama,US,6738
Jefferson,Alabama,US,74855
Lamar,Alabama,US,1392
Lauderdale,Alabama,US,9148
Lawrence,Alabama,US,2931
Lee,Alabama,US,15444
Limestone,Alabama,US,9761
Lowndes,Alabama,US,1363
Macon,Alabama,US,1540
Madison,Alabama,US,33619
Marengo,Alabama,US,2502
Marion,Alabama,US,3064
Marshall,Alabama,US,11877
Mobile,Alabama,US,37555
Monroe,Alabama,US,1707
Montgomery,Alabama,US,23800
Morgan,Alabama,US,14139
Out of AL,Alabama,US,0
Perry,Alabama,US,1083
Pickens,Alabama,US,2329
Pike,Alabama,US,3045
Randolph,Alabama,US,1755
Russell,Alabama,US,4233
Shelby,Alabama,US,23097
St. Clair,Alabama,US,9364
Sumter,Alabama,US,1028
Talladega,Alabama,US,8019
Tallapoosa,Alabama,US,3873
Tuscaloosa,Alabama,US,25096
Unassigned,Alabama,US,0
Walker,Alabama,US,7066
Washington,Alabama,US,1640
Wilcox,Alabama,US,1242
Winston,Alabama,US,2718
Aleutians East,Alaska,US,364
Aleutians West,Alaska,US,656
Anchorage,Alaska,US,28651
Bethel,Alaska,US,3795
Bristol Bay,Alaska,US,0
Bristol Bay plus Lake and Peninsula,Alaska,US,187
Chugach,Alaska,US,339
Copper River,Alaska,US,230
Denali,Alaska,US,91
Dillingham,Alaska,US,208
Fairbanks North Star,Alaska,US,6709
Haines,Alaska,US,29
Juneau,Alaska,US,1301
Kenai Peninsula,Alaska,US,4173
Ketchikan Gateway,Alaska,US,393
Kodiak Island,Alaska,US,1081
Kusilvak,Alaska,US,1224
Matanuska-Susitna,Alaska,US,10126
Nome,Alaska,US,340
North Slope,Alaska,US,1050
Northwest Arctic,Alaska,US,598
Petersburg,Alaska,US,159
Prince of Wales-Hyder,Alaska,US,86
Sitka,Alaska,US,334
Skagway,Alaska,US,20
Southeast Fairbanks,Alaska,US,623
Unassigned,Alaska,US,277
Valdez-Cordova,Alaska,US,0
Wrangell,Alaska,US,34
Yakutat,Alaska,US,72
Yukon-Koyukuk,Alaska,US,351
Apache,Arizona,US,11121
Cochise,Arizona,US,11629
Coconino,Arizona,US,17114
Gila,Arizona,US,6558
Graham,Arizona,US,5367
Greenlee,Arizona,US,564
La Paz,Arizona,US,2446
Maricopa,Arizona,US,525002
Mohave,Arizona,US,22168
Navajo,Arizona,US,15734
Out of AZ,Arizona,US,0
Pima,Arizona,US,112846
Pinal,Arizona,US,49651
Santa Cruz,Arizona,US,7829
Unassigned,Arizona,US,0
Yavapai,Arizona,US,18327
Yuma,Arizona,US,36776
Arkansas,Arkansas,US,2077
Ashley,Arkansas,US,1905
Baxter,Arkansas,US,3075
Benton,Arkansas,US,28188
Boone,Arkansas,US,3743
Bradley,Arkansas,US,1356
Calhoun,Arkansas,US,409
Carroll,Arkansas,US,2753
Chicot,Arkansas,US,1610
Clark,Arkansas,US,2081
Clay,Arkansas,US,1723
Cleburne,Arkansas,US,1946
Cleveland,Arkansas,US,940
Columbia,Arkansas,US,2321
Conway,Arkansas,US,2191
Craighead,Arkansas,US,13092
Crawford,Arkansas,US,6985
Crittenden,Arkansas,US,5880
Cross,Arkansas,US,1924
Dallas,Arkansas,US,756
Desha,Arkansas,US,1357
Drew,Arkansas,US,1985
Faulkner,Arkansas,US,12216
Franklin,Arkansas,US,1680
Fulton,Arkansas,US,1100
Garland,Arkansas,US,10036
Grant,Arkansas,US,1636
Greene,Arkansas,US,6021
Hempstead,Arkansas,US,1983
Hot Spring,Arkansas,US,5005
Howard,Arkansas,US,1641
Independence,Arkansas,US,3721
Izard,Arkansas,US,1660
Jackson,Arkansas,US,3210
Jefferson,Arkansas,US,8744
Johnson,Arkansas,US,2882
Lafayette,Arkansas,US,541
Lawrence,Arkansas,US,2069
Lee,Arkansas,US,1658
Lincoln,Arkansas,US,3182
Little River,Arkansas,US,1222
Logan,Arkansas,US,2206
Lonoke,Arkansas,US,7057
Madison,Arkansas,US,1437
Marion,Arkansas,US,1033
Miller,Arkansas,US,4216
Mississippi,Arkansas,US,5754
Monroe,Arkansas,US,862
Montgomery,Arkansas,US,751
Nevada,Arkansas,US,817
Newton,Arkansas,US,707
Ouachita,Arkansas,US,2291
Perry,Arkansas,US,824
Phillips,Arkansas,US,1739
Pike,Arkansas,US,997
Poinsett,Arkansas,US,3116
Polk,Arkansas,US,1962
Pope,Arkansas,US,7873
Prairie,Arkansas,US,887
Pulaski,Arkansas,US,38359
Randolph,Arkansas,US,2064
Saline,Arkansas,US,11736
Scott,Arkansas,US,928
Searcy,Arkansas,US,672
Sebastian,Arkansas,US,15049
Sevier,Arkansas,US,2778
Sharp,Arkansas,US,1552
St. Francis,Arkansas,US,3523
Stone,Arkansas,US,983
Unassigned,Arkansas,US,2803
Union,Arkansas,US,3941
Van Buren,Arkansas,US,1250
Washington,Arkansas,US,30235
White,Arkansas,US,7804
Woodruff,Arkansas,US,636
Yell,Arkansas,US,3407
Alameda,California,US,83574
Alpine,California,US,88
Amador,California,US,3558
Butte,California,US,11328
Calaveras,California,US,2018
Colusa,California,US,2165
Contra Costa,California,US,65559
Del Norte,California,US,1213
El Dorado,California,US,9488
Fresno,California,US,99317
Glenn,California,US,2322
Humboldt,California,US,3492
Imperial,California,US,27520
Inyo,California,US,1401
Kern,California,US,106329
Kings,California,US,22659
Lake,California,US,3337
Lassen,California,US,5652
Los Angeles,California,US,1220893
Madera,California,US,16023
Marin,California,US,13713
Mariposa,California,US,410
Mendocino,California,US,3949
Merced,California,US,30687
Modoc,California,US,474
Mono,California,US,1268
Monterey,California,US,42979
Napa,California,US,9453
Nevada,California,US,4316
Orange,California,US,266464
Placer,California,US,21095
Plumas,California,US,685
Riverside,California,US,294736
Sacramento,California,US,98488
San Benito,California,US,5878
San Bernardino,California,US,291199
San Diego,California,US,271035
San Francisco,California,US,35386
San Joaquin,California,US,70117
San Luis Obispo,California,US,20547
San Mateo,California,US,40462
Santa Barbara,California,US,33270
Santa Clara,California,US,114852
Santa Cruz,California,US,15363
Shasta,California,US,11399
Sierra,California,US,106
Siskiyou,California,US,1885
Solano,California,US,31301
Sonoma,California,US,29310
Stanislaus,California,US,59271
Sutter,California,US,9175
Tehama,California,US,5310
Trinity,California,US,392
Tulare,California,US,49100
Tuolumne,California,US,4043
Unassigned,California,US,0
Ventura,California,US,79774
Yolo,California,US,13342
Yuba,California,US,6021
Adams,Colorado,US,51642
Alamosa,Colorado,US,1350
Arapahoe,Colorado,US,52279
Archuleta,Colorado,US,754
Baca,Colorado,US,278
Bent,Colorado,US,1483
Boulder,Colorado,US,20761
Broomfield,Colorado,US,4215
Chaffee,Colorado,US,1505
Cheyenne,Colorado,US,125
Clear Creek,Colorado,US,405
Conejos,Colorado,US,461
Costilla,Colorado,US,203
Crowley,Colorado,US,2144
Custer,Colorado,US,176
Delta,Colorado,US,2555
Denver,Colorado,US,64742
Dolores,Colorado,US,67
Douglas,Colorado,US,24038
Eagle,Colorado,US,5777
El Paso,Colorado,US,57190
Elbert,Colorado,US,1429
Fremont,Colorado,US,5661
Garfield,Colorado,US,5455
Gilpin,Colorado,US,189
Grand,Colorado,US,1342
Gunnison,Colorado,US,1259
Hinsdale,Colorado,US,16
Huerfano,Colorado,US,337
Jackson,Colorado,US,52
Jefferson,Colorado,US,40674
Kiowa,Colorado,US,92
Kit Carson,Colorado,US,587
La Plata,Colorado,US,3378
Lake,Colorado,US,701
Larimer,Colorado,US,22535
Las Animas,Colorado,US,1044
Lincoln,Colorado,US,1007
Logan,Colorado,US,3843
Mesa,Colorado,US,13731
Mineral,Colorado,US,86
Moffat,Colorado,US,707
Montezuma,Colorado,US,1807
Montrose,Colorado,US,3331
Morgan,Colorado,US,2541
Otero,Colorado,US,1886
Ouray,Colorado,US,275
Out of CO,Colorado,US,0
Park,Colorado,US,612
Phillips,Colorado,US,352
Pitkin,Colorado,US,2465
Prowers,Colorado,US,1169
Pueblo,Colorado,US,15945
Rio Blanco,Colorado,US,529
Rio Grande,Colorado,US,758
Routt,Colorado,US,2082
Saguache,Colorado,US,334
San Juan,Colorado,US,45
San Miguel,Colorado,US,851
Sedgwick,Colorado,US,201
Summit,Colorado,US,3430
Teller,Colorado,US,1443
Unassigned,Colorado,US,57
Washington,Colorado,US,436
Weld,Colorado,US,27662
Yuma,Colorado,US,844
Fairfield,Connecticut,US,90537
Hartford,Connecticut,US,76341
Litchfield,Connecticut,US,13064
Middlesex,Connecticut,US,11668
New Haven,Connecticut,US,81793
New London,Connecticut,US,20819
Tolland,Connecticut,US,8690
Unassigned,Connecticut,US,1103
Windham,Connecticut,US,9941
Kent,Delaware,US,15662
New Castle,Delaware,US,55871
Sussex,Delaware,US,23852
Unassigned,Delaware,US,205
,Diamond Princess,US,49
District of Columbia,District of Columbia,US,44807
Alachua,Florida,US,23506
Baker,Florida,US,3369
Bay,Florida,US,19446
Bradford,Florida,US,2925
Brevard,Florida,US,37451
Broward,Florida,US,216277
Calhoun,Florida,US,1661
Charlotte,Florida,US,11668
Citrus,Florida,US,10355
Clay,Florida,US,17414
Collier,Florida,US,32741
Columbia,Florida,US,7867
DeSoto,Florida,US,4089
Dixie,Florida,US,1556
Duval,Florida,US,92860
Escambia,Florida,US,34926
Flagler,Florida,US,6725
Franklin,Florida,US,1296
Gadsden,Florida,US,5543
Gilchrist,Florida,US,1495
Glades,Florida,US,926
Gulf,Florida,US,1918
Hamilton,Florida,US,1593
Hardee,Florida,US,2910
Hendry,Florida,US,4474
Hernando,Florida,US,12484
Highlands,Florida,US,7717
Hillsborough,Florida,US,122713
Holmes,Florida,US,2215
Indian River,Florida,US,11770
Jackson,Florida,US,6067
Jefferson,Florida,US,1432
Lafayette,Florida,US,1606
Lake,Florida,US,26862
Lee,Florida,US,63130
Leon,Florida,US,30379
Levy,Florida,US,3119
Liberty,Florida,US,1056
Madison,Florida,US,2034
Manatee,Florida,US,35044
Marion,Florida,US,29169
Martin,Florida,US,11443
Miami-Dade,Florida,US,448479
Monroe,Florida,US,6475
Nassau,Florida,US,7993
Okaloosa,Florida,US,19786
Okeechobee,Florida,US,3762
Orange,Florida,US,124687
Osceola,Florida,US,39905
Palm Beach,Florida,US,132528
Pasco,Florida,US,36645
Pinellas,Florida,US,72844
Polk,Florida,US,61574
Putnam,Florida,US,6057
Santa Rosa,Florida,US,17781
Sarasota,Florida,US,29584
Seminole,Florida,US,30303
St. Johns,Florida,US,21245
St. Lucie,Florida,US,24134
Sumter,Florida,US,8827
Suwannee,Florida,US,5224
Taylor,Florida,US,2694
Unassigned,Florida,US,3569
Union,Florida,US,1775
Volusia,Florida,US,38634
Wakulla,Florida,US,3252
Walton,Florida,US,7349
Washington,Florida,US,2678
Appling,Georgia,US,2260
Atkinson,Georgia,US,1003
Bacon,Georgia,US,1603
Baker,Georgia,US,225
Baldwin,Georgia,US,4416
Banks,Georgia,US,1758
Barrow,Georgia,US,9501
Bartow,Georgia,US,14002
Ben Hill,Georgia,US,2058
Berrien,Georgia,US,1793
Bibb,Georgia,US,15375
Bleckley,Georgia,US,1428
Brantley,Georgia,US,1572
Brooks,Georgia,US,1368
Bryan,Georgia,US,3466
Bulloch,Georgia,US,6620
Burke,Georgia,US,2480
Butts,Georgia,US,2885
Calhoun,Georgia,US,576
Camden,Georgia,US,3846
Candler,Georgia,US,925
Carroll,Georgia,US,10987
Catoosa,Georgia,US,5924
Charlton,Georgia,US,1338
Chatham,Georgia,US,22232
Chattahoochee,Georgia,US,3567
Chattooga,Georgia,US,2699
Cherokee,Georgia,US,29644
Clarke,Georgia,US,14621
Clay,Georgia,US,237
Clayton,Georgia,US,24834
Clinch,Georgia,US,938
Cobb,Georgia,US,74344
Coffee,Georgia,US,5242
Colquitt,Georgia,US,4587
Columbia,Georgia,US,16285
Cook,Georgia,US,1787
Coweta,Georgia,US,13603
Crawford,Georgia,US,654
Crisp,Georgia,US,2020
Dade,Georgia,US,1358
Dawson,Georgia,US,2922
DeKalb,Georgia,US,61541
Decatur,Georgia,US,2841
Dodge,Georgia,US,2067
Dooly,Georgia,US,1057
Dougherty,Georgia,US,7256
Douglas,Georgia,US,14322
Early,Georgia,US,1154
Echols,Georgia,US,461
Effingham,Georgia,US,4399
Elbert,Georgia,US,2260
Emanuel,Georgia,US,2515
Evans,Georgia,US,938
Fannin,Georgia,US,2288
Fayette,Georgia,US,8550
Floyd,Georgia,US,11649
Forsyth,Georgia,US,21186
Franklin,Georgia,US,2598
Fulton,Georgia,US,92081
Gilmer,Georgia,US,2848
Glascock,Georgia,US,262
Glynn,Georgia,US,7827
Gordon,Georgia,US,7935
Grady,Georgia,US,2053
Greene,Georgia,US,1772
Gwinnett,Georgia,US,97109
Habersham,Georgia,US,4977
Hall,Georgia,US,26388
Hancock,Georgia,US,897
Haralson,Georgia,US,2541
Harris,Georgia,US,2471
Hart,Georgia,US,2315
Heard,Georgia,US,831
Henry,Georgia,US,23756
Houston,Georgia,US,14051
Irwin,Georgia,US,899
Jackson,Georgia,US,9541
Jasper,Georgia,US,1369
Jeff Davis,Georgia,US,1837
Jefferson,Georgia,US,1898
Jenkins,Georgia,US,836
Johnson,Georgia,US,1099
Jones,Georgia,US,1955
Lamar,Georgia,US,1953
Lanier,Georgia,US,758
Laurens,Georgia,US,5438
Lee,Georgia,US,2664
Liberty,Georgia,US,3663
Lincoln,Georgia,US,781
Long,Georgia,US,817
Lowndes,Georgia,US,12242
Lumpkin,Georgia,US,2851
Macon,Georgia,US,832
Madison,Georgia,US,3153
Marion,Georgia,US,543
McDuffie,Georgia,US,2381
McIntosh,Georgia,US,816
Meriwether,Georgia,US,1922
Miller,Georgia,US,829
Mitchell,Georgia,US,2013
Monroe,Georgia,US,2555
Montgomery,Georgia,US,866
Morgan,Georgia,US,2059
Murray,Georgia,US,4701
Muscogee,Georgia,US,15499
Newton,Georgia,US,10387
Oconee,Georgia,US,3893
Oglethorpe,Georgia,US,1444
Out of GA,Georgia,US,28942
Paulding,Georgia,US,15842
Peach,Georgia,US,2537
Pickens,Georgia,US,3266
Pierce,Georgia,US,2375
Pike,Georgia,US,2167
Polk,Georgia,US,5455
Pulaski,Georgia,US,906
Putnam,Georgia,US,2110
Quitman,Georgia,US,162
Rabun,Georgia,US,1629
Randolph,Georgia,US,618
Richmond,Georgia,US,23579
Rockdale,Georgia,US,7204
Schley,Georgia,US,340
Screven,Georgia,US,941
Seminole,Georgia,US,927
Spalding,Georgia,US,5944
Stephens,Georgia,US,3045
Stewart,Georgia,US,879
Sumter,Georgia,US,2507
Talbot,Georgia,US,467
Taliaferro,Georgia,US,122
Tattnall,Georgia,US,2270
Taylor,Georgia,US,782
Telfair,Georgia,US,1263
Terrell,Georgia,US,786
Thomas,Georgia,US,4308
Tift,Georgia,US,4783
Toombs,Georgia,US,3301
Towns,Georgia,US,1172
Treutlen,Georgia,US,837
Troup,Georgia,US,7279
Turner,Georgia,US,984
Twiggs,Georgia,US,700
Unassigned,Georgia,US,3226
Union,Georgia,US,2139
Upson,Georgia,US,3350
Walker,Georgia,US,7009
Walton,Georgia,US,10201
Ware,Georgia,US,4748
Warren,Georgia,US,512
Washington,Georgia,US,1994
Wayne,Georgia,US,3462
Webster,Georgia,US,141
Wheeler,Georgia,US,621
White,Georgia,US,3097
Whitfield,Georgia,US,16435
Wilcox,Georgia,US,815
Wilkes,Georgia,US,1063
Wilkinson,Georgia,US,914
Worth,Georgia,US,1726
,Grand Princess,US,103
,Guam,US,7812
Hawaii,Hawaii,US,2544
Honolulu,Hawaii,US,23667
Kauai,Hawaii,US,198
Maui,Hawaii,US,3731
Out of HI,Hawaii,US,984
Unassigned,Hawaii,US,5
Ada,Idaho,US,49380
Adams,Idaho,US,333
Bannock,Idaho,US,8456
Bear Lake,Idaho,US,368
Benewah,Idaho,US,647
Bingham,Idaho,US,4673
Blaine,Idaho,US,2272
Boise,Idaho,US,328
Bonner,Idaho,US,3106
Bonneville,Idaho,US,14194
Boundary,Idaho,US,845
Butte,Idaho,US,206
Camas,Idaho,US,71
Canyon,Idaho,US,25661
Caribou,Idaho,US,660
Cassia,Idaho,US,2905
Clark,Idaho,US,57
Clearwater,Idaho,US,1029
Custer,Idaho,US,242
Elmore,Idaho,US,1790
Franklin,Idaho,US,1149
Fremont,Idaho,US,1088
Gem,Idaho,US,1734
Gooding,Idaho,US,1289
Idaho,Idaho,US,1174
Jefferson,Idaho,US,2844
Jerome,Idaho,US,2538
Kootenai,Idaho,US,17232
Latah,Idaho,US,2922
Lemhi,Idaho,US,516
Lewis,Idaho,US,385
Lincoln,Idaho,US,494
Madison,Idaho,US,6904
Minidoka,Idaho,US,2315
Nez Perce,Idaho,US,3485
Oneida,Idaho,US,347
Owyhee,Idaho,US,1039
Payette,Idaho,US,2456
Power,Idaho,US,649
Shoshone,Idaho,US,1050
Teton,Idaho,US,1166
Twin Falls,Idaho,US,9152
Unassigned,Idaho,US,0
Valley,Idaho,US,827
Washington,Idaho,US,1203
Adams,Illinois,US,8087
Alexander,Illinois,US,460
Bond,Illinois,US,1939
Boone,Illinois,US,6131
Brown,Illinois,US,681
Bureau,Illinois,US,3431
Calhoun,Illinois,US,505
Carroll,Illinois,US,1645
Cass,Illinois,US,1930
Champaign,Illinois,US,19099
Christian,Illinois,US,3422
Clark,Illinois,US,1728
Clay,Illinois,US,1460
Clinton,Illinois,US,5676
Coles,Illinois,US,5440
Cook,Illinois,US,500914
Crawford,Illinois,US,2067
Cumberland,Illinois,US,1268
De Witt,Illinois,US,1332
DeKalb,Illinois,US,8696
Douglas,Illinois,US,2521
DuPage,Illinois,US,82391
Edgar,Illinois,US,1634
Edwards,Illinois,US,541
Effingham,Illinois,US,4581
Fayette,Illinois,US,3100
Ford,Illinois,US,1644
Franklin,Illinois,US,4274
Fulton,Illinois,US,3335
Gallatin,Illinois,US,452
Greene,Illinois,US,1408
Grundy,Illinois,US,5436
Hamilton,Illinois,US,807
Hancock,Illinois,US,1700
Hardin,Illinois,US,361
Henderson,Illinois,US,518
Henry,Illinois,US,4536
Iroquois,Illinois,US,2849
Jackson,Illinois,US,4763
Jasper,Illinois,US,1132
Jefferson,Illinois,US,4084
Jersey,Illinois,US,2565
Jo Daviess,Illinois,US,1691
Johnson,Illinois,US,1374
Kane,Illinois,US,53172
Kankakee,Illinois,US,13046
Kendall,Illinois,US,11753
Knox,Illinois,US,5144
LaSalle,Illinois,US,11347
Lake,Illinois,US,62533
Lawrence,Illinois,US,2376
Lee,Illinois,US,3743
Livingston,Illinois,US,4428
Logan,Illinois,US,3485
Macon,Illinois,US,9909
Macoupin,Illinois,US,4504
Madison,Illinois,US,29308
Marion,Illinois,US,4364
Marshall,Illinois,US,927
Mason,Illinois,US,1354
Massac,Illinois,US,1308
McDonough,Illinois,US,2448
McHenry,Illinois,US,25708
McLean,Illinois,US,15792
Menard,Illinois,US,1144
Mercer,Illinois,US,1322
Monroe,Illinois,US,4217
Montgomery,Illinois,US,3601
Morgan,Illinois,US,3699
Moultrie,Illinois,US,1535
Ogle,Illinois,US,5465
Out of IL,Illinois,US,4
Peoria,Illinois,US,18865
Perry,Illinois,US,3116
Piatt,Illinois,US,1393
Pike,Illinois,US,1734
Pope,Illinois,US,302
Pulaski,Illinois,US,674
Putnam,Illinois,US,433
Randolph,Illinois,US,4049
Richland,Illinois,US,1689
Rock Island,Illinois,US,13783
Saline,Illinois,US,2445
Sangamon,Illinois,US,17049
Schuyler,Illinois,US,687
Scott,Illinois,US,459
Shelby,Illinois,US,2212
St. Clair,Illinois,US,26672
Stark,Illinois,US,557
Stephenson,Illinois,US,4305
Tazewell,Illinois,US,14647
Unassigned,Illinois,US,0
Union,Illinois,US,2226
Vermilion,Illinois,US,8898
Wabash,Illinois,US,1334
Warren,Illinois,US,1695
Washington,Illinois,US,1615
Wayne,Illinois,US,1709
White,Illinois,US,1657
Whiteside,Illinois,US,6390
Will,Illinois,US,68836
Williamson,Illinois,US,7073
Winnebago,Illinois,US,29443
Woodford,Illinois,US,4064
Adams,Indiana,US,3351
Allen,Indiana,US,37950
Bartholomew,Indiana,US,7723
Benton,Indiana,US,933
Blackford,Indiana,US,1304
Boone,Indiana,US,6380
Brown,Indiana,US,972
Carroll,Indiana,US,1818
Cass,Indiana,US,5627
Clark,Indiana,US,12457
Clay,Indiana,US,2475
Clinton,Indiana,US,4076
Crawford,Indiana,US,965
Daviess,Indiana,US,2877
DeKalb,Indiana,US,3986
Dearborn,Indiana,US,5605
Decatur,Indiana,US,2767
Delaware,Indiana,US,10151
Dubois,Indiana,US,6036
Elkhart,Indiana,US,26433
Fayette,Indiana,US,2754
Floyd,Indiana,US,7446
Fountain,Indiana,US,2063
Franklin,Indiana,US,1635
Fulton,Indiana,US,1868
Gibson,Indiana,US,4226
Grant,Indiana,US,6658
Greene,Indiana,US,2673
Hamilton,Indiana,US,33588
Hancock,Indiana,US,7723
Harrison,Indiana,US,4220
Hendricks,Indiana,US,16413
Henry,Indiana,US,5518
Howard,Indiana,US,9468
Huntington,Indiana,US,3684
Jackson,Indiana,US,4836
Jasper,Indiana,US,3347
Jay,Indiana,US,1831
Jefferson,Indiana,US,3021
Jennings,Indiana,US,2229
Johnson,Indiana,US,17118
Knox,Indiana,US,3609
Kosciusko,Indiana,US,8881
LaGrange,Indiana,US,2468
LaPorte,Indiana,US,10336
Lake,Indiana,US,50143
Lawrence,Indiana,US,4258
Madison,Indiana,US,12101
Marion,Indiana,US,93810
Marshall,Indiana,US,5637
Martin,Indiana,US,817
Miami,Indiana,US,3689
Monroe,Indiana,US,10978
Montgomery,Indiana,US,4098
Morgan,Indiana,US,6295
Newton,Indiana,US,1005
Noble,Indiana,US,5263
Ohio,Indiana,US,549
Orange,Indiana,US,1743
Owen,Indiana,US,1882
Parke,Indiana,US,1428
Perry,Indiana,US,1778
Pike,Indiana,US,1291
Porter,Indiana,US,16688
Posey,Indiana,US,2666
Pulaski,Indiana,US,1108
Putnam,Indiana,US,3484
Randolph,Indiana,US,2315
Ripley,Indiana,US,3312
Rush,Indiana,US,1678
Scott,Indiana,US,2562
Shelby,Indiana,US,4710
Spencer,Indiana,US,2258
St. Joseph,Indiana,US,32475
Starke,Indiana,US,1959
Steuben,Indiana,US,3524
Sullivan,Indiana,US,2065
Switzerland,Indiana,US,764
Tippecanoe,Indiana,US,21029
Tipton,Indiana,US,1585
Unassigned,Indiana,US,0
Union,Indiana,US,691
Vanderburgh,Indiana,US,21796
Vermillion,Indiana,US,1640
Vigo,Indiana,US,12007
Wabash,Indiana,US,3422
Warren,Indiana,US,775
Warrick,Indiana,US,7613
Washington,Indiana,US,2241
Wayne,Indiana,US,6801
Wells,Indiana,US,2786
White,Indiana,US,3037
Whitley,Indiana,US,3661
Adair,Iowa,US,837
Adams,Iowa,US,321
Allamakee,Iowa,US,1485
Appanoose,Iowa,US,1256
Audubon,Iowa,US,488
Benton,Iowa,US,2482
Black Hawk,Iowa,US,15329
Boone,Iowa,US,2529
Bremer,Iowa,US,2766
Buchanan,Iowa,US,1851
Buena Vista,Iowa,US,4192
Butler,Iowa,US,1612
Calhoun,Iowa,US,1326
Carroll,Iowa,US,2744
Cass,Iowa,US,1332
Cedar,Iowa,US,1806
Cerro Gordo,Iowa,US,5125
Cherokee,Iowa,US,1548
Chickasaw,Iowa,US,1214
Clarke,Iowa,US,978
Clay,Iowa,US,2038
Clayton,Iowa,US,1631
Clinton,Iowa,US,5228
Crawford,Iowa,US,2599
Dallas,Iowa,US,10710
Davis,Iowa,US,788
Decatur,Iowa,US,583
Delaware,Iowa,US,1965
Des Moines,Iowa,US,4363
Dickinson,Iowa,US,2317
Dubuque,Iowa,US,12807
Emmet,Iowa,US,1246
Fayette,Iowa,US,1821
Floyd,Iowa,US,1529
Franklin,Iowa,US,1116
Fremont,Iowa,US,591
Greene,Iowa,US,756
Grundy,Iowa,US,1340
Guthrie,Iowa,US,1160
Hamilton,Iowa,US,1764
Hancock,Iowa,US,1411
Hardin,Iowa,US,1765
Harrison,Iowa,US,1720
Henry,Iowa,US,2842
Howard,Iowa,US,1022
Humboldt,Iowa,US,1177
Ida,Iowa,US,878
Iowa,Iowa,US,1441
Jackson,Iowa,US,2153
Jasper,Iowa,US,4038
Jefferson,Iowa,US,1303
Johnson,Iowa,US,13630
Jones,Iowa,US,2904
Keokuk,Iowa,US,937
Kossuth,Iowa,US,2084
Lee,Iowa,US,3644
Linn,Iowa,US,19949
Louisa,Iowa,US,1251
Lucas,Iowa,US,746
Lyon,Iowa,US,1515
Madison,Iowa,US,1507
Mahaska,Iowa,US,2201
Marion,Iowa,US,3514
Marshall,Iowa,US,4742
Mills,Iowa,US,1555
Mitchell,Iowa,US,1248
Monona,Iowa,US,800
Monroe,Iowa,US,918
Montgomery,Iowa,US,985
Muscatine,Iowa,US,4470
O'Brien,Iowa,US,1936
Osceola,Iowa,US,721
Page,Iowa,US,1862
Palo Alto,Iowa,US,1078
Plymouth,Iowa,US,3882
Pocahontas,Iowa,US,830
Polk,Iowa,US,54766
Pottawattamie,Iowa,US,10408
Poweshiek,Iowa,US,1513
Ringgold,Iowa,US,529
Sac,Iowa,US,1245
Scott,Iowa,US,18234
Shelby,Iowa,US,1242
Sioux,Iowa,US,4980
Story,Iowa,US,10124
Tama,Iowa,US,2054
Taylor,Iowa,US,643
Unassigned,Iowa,US,1018
Union,Iowa,US,1227
Van Buren,Iowa,US,550
Wapello,Iowa,US,4225
Warren,Iowa,US,5407
Washington,Iowa,US,2453
Wayne,Iowa,US,515
Webster,Iowa,US,5048
Winnebago,Iowa,US,1341
Winneshiek,Iowa,US,1903
Woodbury,Iowa,US,14601
Worth,Iowa,US,684
Wright,Iowa,US,1772
Allen,Kansas,US,1215
Anderson,Kansas,US,829
Atchison,Kansas,US,1571
Barber,Kansas,US,369
Barton,Kansas,US,2595
Bourbon,Kansas,US,1339
Brown,Kansas,US,1234
Butler,Kansas,US,7394
Chase,Kansas,US,251
Chautauqua,Kansas,US,265
Cherokee,Kansas,US,2416
Cheyenne,Kansas,US,359
Clark,Kansas,US,247
Clay,Kansas,US,786
Cloud,Kansas,US,972
Coffey,Kansas,US,723
Comanche,Kansas,US,167
Cowley,Kansas,US,3897
Crawford,Kansas,US,4648
Decatur,Kansas,US,264
Dickinson,Kansas,US,1711
Doniphan,Kansas,US,961
Douglas,Kansas,US,8944
Edwards,Kansas,US,259
Elk,Kansas,US,178
Ellis,Kansas,US,3722
Ellsworth,Kansas,US,1215
Finney,Kansas,US,6019
Ford,Kansas,US,5696
Franklin,Kansas,US,2495
Geary,Kansas,US,3178
Gove,Kansas,US,385
Graham,Kansas,US,263
Grant,Kansas,US,935
Gray,Kansas,US,556
Greeley,Kansas,US,104
Greenwood,Kansas,US,551
Hamilton,Kansas,US,202
Harper,Kansas,US,616
Harvey,Kansas,US,3551
Haskell,Kansas,US,418
Hodgeman,Kansas,US,210
Jackson,Kansas,US,1382
Jefferson,Kansas,US,1675
Jewell,Kansas,US,207
Johnson,Kansas,US,56299
Kearny,Kansas,US,562
Kingman,Kansas,US,743
Kiowa,Kansas,US,237
Labette,Kansas,US,2707
Lane,Kansas,US,126
Leavenworth,Kansas,US,7069
Lincoln,Kansas,US,257
Linn,Kansas,US,782
Logan,Kansas,US,292
Lyon,Kansas,US,4214
Marion,Kansas,US,1046
Marshall,Kansas,US,1077
McPherson,Kansas,US,3203
Meade,Kansas,US,502
Miami,Kansas,US,2670
Mitchell,Kansas,US,561
Montgomery,Kansas,US,3399
Morris,Kansas,US,570
Morton,Kansas,US,254
Nemaha,Kansas,US,1503
Neosho,Kansas,US,1773
Ness,Kansas,US,369
Norton,Kansas,US,1202
Osage,Kansas,US,1209
Osborne,Kansas,US,288
Ottawa,Kansas,US,549
Out of KS,Kansas,US,0
Pawnee,Kansas,US,1144
Phillips,Kansas,US,711
Pottawatomie,Kansas,US,1854
Pratt,Kansas,US,811
Rawlins,Kansas,US,298
Reno,Kansas,US,8354
Republic,Kansas,US,659
Rice,Kansas,US,1065
Riley,Kansas,US,6315
Rooks,Kansas,US,655
Rush,Kansas,US,431
Russell,Kansas,US,855
Saline,Kansas,US,6096
Scott,Kansas,US,577
Sedgwick,Kansas,US,54861
Seward,Kansas,US,3837
Shawnee,Kansas,US,16967
Sheridan,Kansas,US,432
Sherman,Kansas,US,618
Smith,Kansas,US,269
Stafford,Kansas,US,337
Stanton,Kansas,US,184
Stevens,Kansas,US,555
Sumner,Kansas,US,2108
Thomas,Kansas,US,1092
Trego,Kansas,US,404
Unassigned,Kansas,US,0
Wabaunsee,Kansas,US,671
Wallace,Kansas,US,175
Washington,Kansas,US,531
Wichita,Kansas,US,216
Wilson,Kansas,US,988
Woodson,Kansas,US,213
Wyandotte,Kansas,US,19709
Adair,Kentucky,US,1785
Allen,Kentucky,US,1948
Anderson,Kentucky,US,1682
Ballard,Kentucky,US,382
Barren,Kentucky,US,4268
Bath,Kentucky,US,833
Bell,Kentucky,US,2961
Boone,Kentucky,US,13228
Bourbon,Kentucky,US,1625
Boyd,Kentucky,US,4783
Boyle,Kentucky,US,3290
Bracken,Kentucky,US,544
Breathitt,Kentucky,US,982
Breckinridge,Kentucky,US,1145
Bullitt,Kentucky,US,6815
Butler,Kentucky,US,1402
Caldwell,Kentucky,US,1312
Calloway,Kentucky,US,3450
Campbell,Kentucky,US,8190
Carlisle,Kentucky,US,452
Carroll,Kentucky,US,967
Carter,Kentucky,US,2165
Casey,Kentucky,US,1252
Christian,Kentucky,US,6532
Clark,Kentucky,US,2637
Clay,Kentucky,US,2587
Clinton,Kentucky,US,1417
Crittenden,Kentucky,US,593
Cumberland,Kentucky,US,681
Daviess,Kentucky,US,10207
Edmonson,Kentucky,US,872
Elliott,Kentucky,US,944
Estill,Kentucky,US,1040
Fayette,Kentucky,US,34220
Fleming,Kentucky,US,1120
Floyd,Kentucky,US,3204
Franklin,Kentucky,US,3872
Fulton,Kentucky,US,494
Gallatin,Kentucky,US,684
Garrard,Kentucky,US,1465
Grant,Kentucky,US,2185
Graves,Kentucky,US,4051
Grayson,Kentucky,US,2055
Green,Kentucky,US,1168
Greenup,Kentucky,US,3441
Hancock,Kentucky,US,839
Hardin,Kentucky,US,9309
Harlan,Kentucky,US,2580
Harrison,Kentucky,US,1610
Hart,Kentucky,US,1915
Henderson,Kentucky,US,4507
Henry,Kentucky,US,1301
Hickman,Kentucky,US,345
Hopkins,Kentucky,US,4239
Jackson,Kentucky,US,1277
Jefferson,Kentucky,US,76687
Jessamine,Kentucky,US,4384
Johnson,Kentucky,US,1866
Kenton,Kentucky,US,15720
Knott,Kentucky,US,1116
Knox,Kentucky,US,3274
Larue,Kentucky,US,1275
Laurel,Kentucky,US,6335
Lawrence,Kentucky,US,1348
Lee,Kentucky,US,1250
Leslie,Kentucky,US,868
Letcher,Kentucky,US,1823
Lewis,Kentucky,US,1137
Lincoln,Kentucky,US,2203
Livingston,Kentucky,US,791
Logan,Kentucky,US,2661
Lyon,Kentucky,US,1579
Madison,Kentucky,US,9029
Magoffin,Kentucky,US,910
Marion,Kentucky,US,2213
Marshall,Kentucky,US,2666
Martin,Kentucky,US,987
Mason,Kentucky,US,1520
McCracken,Kentucky,US,6189
McCreary,Kentucky,US,1892
McLean,Kentucky,US,858
Meade,Kentucky,US,1941
Menifee,Kentucky,US,426
Mercer,Kentucky,US,2468
Metcalfe,Kentucky,US,999
Monroe,Kentucky,US,1281
Montgomery,Kentucky,US,2445
Morgan,Kentucky,US,2119
Muhlenberg,Kentucky,US,2862
Nelson,Kentucky,US,4750
Nicholas,Kentucky,US,501
Ohio,Kentucky,US,2391
Oldham,Kentucky,US,7328
Owen,Kentucky,US,641
Owsley,Kentucky,US,484
Pendleton,Kentucky,US,986
Perry,Kentucky,US,2544
Pike,Kentucky,US,5371
Powell,Kentucky,US,1102
Pulaski,Kentucky,US,6066
Robertson,Kentucky,US,201
Rockcastle,Kentucky,US,1420
Rowan,Kentucky,US,2110
Russell,Kentucky,US,1778
Scott,Kentucky,US,4665
Shelby,Kentucky,US,4495
Simpson,Kentucky,US,1944
Spencer,Kentucky,US,1527
Taylor,Kentucky,US,2951
Todd,Kentucky,US,1045
Trigg,Kentucky,US,1163
Trimble,Kentucky,US,650
Unassigned,Kentucky,US,9
Union,Kentucky,US,1304
Warren,Kentucky,US,15241
Washington,Kentucky,US,1396
Wayne,Kentucky,US,2134
Webster,Kentucky,US,1198
Whitley,Kentucky,US,4614
Wolfe,Kentucky,US,465
Woodford,Kentucky,US,2079
Acadia,Louisiana,US,6282
Allen,Louisiana,US,3093
Ascension,Louisiana,US,11578
Assumption,Louisiana,US,2135
Avoyelles,Louisiana,US,4005
Beauregard,Louisiana,US,3021
Bienville,Louisiana,US,1631
Bossier,Louisiana,US,13274
Caddo,Louisiana,US,25157
Calcasieu,Louisiana,US,21287
Caldwell,Louisiana,US,1094
Cameron,Louisiana,US,565
Catahoula,Louisiana,US,1084
Claiborne,Louisiana,US,1419
Concordia,Louisiana,US,1836
De Soto,Louisiana,US,2706
East Baton Rouge,Louisiana,US,37440
East Carroll,Louisiana,US,1121
East Feliciana,Louisiana,US,3079
Evangeline,Louisiana,US,3459
Franklin,Louisiana,US,2459
Grant,Louisiana,US,2079
Iberia,Louisiana,US,6658
Iberville,Louisiana,US,3696
Jackson,Louisiana,US,1837
Jefferson,Louisiana,US,45062
Jefferson Davis,Louisiana,US,3052
LaSalle,Louisiana,US,1457
Lafayette,Louisiana,US,22330
Lafourche,Louisiana,US,9362
Lincoln,Louisiana,US,4334
Livingston,Louisiana,US,12866
Madison,Louisiana,US,1560
Morehouse,Louisiana,US,2746
Natchitoches,Louisiana,US,3955
Orleans,Louisiana,US,29301
Ouachita,Louisiana,US,17905
Out of LA,Louisiana,US,0
Plaquemines,Louisiana,US,2453
Pointe Coupee,Louisiana,US,2482
Rapides,Louisiana,US,11595
Red River,Louisiana,US,865
Richland,Louisiana,US,2392
Sabine,Louisiana,US,2860
St. Bernard,Louisiana,US,3936
St. Charles,Louisiana,US,5294
St. Helena,Louisiana,US,897
St. James,Louisiana,US,1898
St. John the Baptist,Louisiana,US,3615
St. Landry,Louisiana,US,8555
St. Martin,Louisiana,US,5022
St. Mary,Louisiana,US,4509
St. Tammany,Louisiana,US,25046
Tangipahoa,Louisiana,US,12328
Tensas,Louisiana,US,357
Terrebonne,Louisiana,US,9867
Unassigned,Louisiana,US,422
Union,Louisiana,US,2338
Vermilion,Louisiana,US,5111
Vernon,Louisiana,US,2971
Washington,Louisiana,US,4283
Webster,Louisiana,US,3982
West Baton Rouge,Louisiana,US,2661
West Carroll,Louisiana,US,1167
West Feliciana,Louisiana,US,1128
Winn,Louisiana,US,1510
Androscoggin,Maine,US,5389
Aroostook,Maine,US,1422
Cumberland,Maine,US,14094
Franklin,Maine,US,997
Hancock,Maine,US,1074
Kennebec,Maine,US,4370
Knox,Maine,US,816
Lincoln,Maine,US,668
Out of ME,Maine,US,0
Oxford,Maine,US,2592
Penobscot,Maine,US,4677
Piscataquis,Maine,US,388
Sagadahoc,Maine,US,993
Somerset,Maine,US,1414
Unassigned,Maine,US,2
Waldo,Maine,US,720
Washington,Maine,US,770
York,Maine,US,10803
Allegany,Maryland,US,6546
Anne Arundel,Maryland,US,39217
Baltimore,Maryland,US,56503
Baltimore City,Maryland,US,45097
Calvert,Maryland,US,3925
Caroline,Maryland,US,2132
Carroll,Maryland,US,8341
Cecil,Maryland,US,5397
Charles,Maryland,US,9803
Dorchester,Maryland,US,2481
Frederick,Maryland,US,18286
Garrett,Maryland,US,1906
Harford,Maryland,US,14259
Howard,Maryland,US,17405
Kent,Maryland,US,1229
Montgomery,Maryland,US,66951
Prince George's,Maryland,US,78442
Queen Anne's,Maryland,US,2724
Somerset,Maryland,US,2481
St. Mary's,Maryland,US,5453
Talbot,Maryland,US,1969
Unassigned,Maryland,US,0
Washington,Maryland,US,13326
Wicomico,Maryland,US,7108
Worcester,Maryland,US,3404
Barnstable,Massachusetts,US,12347
Berkshire,Massachusetts,US,5606
Bristol,Massachusetts,US,60336
Dukes and Nantucket,Massachusetts,US,2320
Essex,Massachusetts,US,89805
Franklin,Massachusetts,US,2235
Hampden,Massachusetts,US,46232
Hampshire,Massachusetts,US,8391
Middlesex,Massachusetts,US,123209
Norfolk,Massachusetts,US,50314
Plymouth,Massachusetts,US,44512
Suffolk,Massachusetts,US,85406
Unassigned,Massachusetts,US,39220
Worcester,Massachusetts,US,70846
Alcona,Michigan,US,489
Alger,Michigan,US,454
Allegan,Michigan,US,8396
Alpena,Michigan,US,1626
Antrim,Michigan,US,1224
Arenac,Michigan,US,814
Baraga,Michigan,US,627
Barry,Michigan,US,4301
Bay,Michigan,US,8444
Benzie,Michigan,US,1012
Berrien,Michigan,US,12879
Branch,Michigan,US,4035
Calhoun,Michigan,US,11348
Cass,Michigan,US,4640
Charlevoix,Michigan,US,1207
Cheboygan,Michigan,US,1316
Chippewa,Michigan,US,2066
Clare,Michigan,US,1764
Clinton,Michigan,US,6053
Crawford,Michigan,US,749
Delta,Michigan,US,3330
Dickinson,Michigan,US,2460
Eaton,Michigan,US,7789
Emmet,Michigan,US,1754
Federal Correctional Institution (FCI),Michigan,US,315
Genesee,Michigan,US,31028
Gladwin,Michigan,US,1644
Gogebic,Michigan,US,1329
Grand Traverse,Michigan,US,5054
Gratiot,Michigan,US,3029
Hillsdale,Michigan,US,3692
Houghton,Michigan,US,2850
Huron,Michigan,US,3058
Ingham,Michigan,US,19878
Ionia,Michigan,US,4644
Iosco,Michigan,US,1437
Iron,Michigan,US,945
Isabella,Michigan,US,4539
Jackson,Michigan,US,11835
Kalamazoo,Michigan,US,17542
Kalkaska,Michigan,US,795
Kent,Michigan,US,57265
Keweenaw,Michigan,US,155
Lake,Michigan,US,444
Lapeer,Michigan,US,6650
Leelanau,Michigan,US,998
Lenawee,Michigan,US,7102
Livingston,Michigan,US,12507
Luce,Michigan,US,277
Mackinac,Michigan,US,491
Macomb,Michigan,US,74405
Manistee,Michigan,US,883
Marquette,Michigan,US,4280
Mason,Michigan,US,1432
Mecosta,Michigan,US,2300
Menominee,Michigan,US,1936
Michigan Department of Corrections (MDOC),Michigan,US,26028
Midland,Michigan,US,5677
Missaukee,Michigan,US,1121
Monroe,Michigan,US,11879
Montcalm,Michigan,US,4081
Montmorency,Michigan,US,403
Muskegon,Michigan,US,11408
Newaygo,Michigan,US,3411
Oakland,Michigan,US,89337
Oceana,Michigan,US,2046
Ogemaw,Michigan,US,1199
Ontonagon,Michigan,US,432
Osceola,Michigan,US,1348
Oscoda,Michigan,US,470
Otsego,Michigan,US,1692
Ottawa,Michigan,US,25253
Out of MI,Michigan,US,1662
Presque Isle,Michigan,US,763
Roscommon,Michigan,US,1534
Saginaw,Michigan,US,16401
Sanilac,Michigan,US,3059
Schoolcraft,Michigan,US,305
Shiawassee,Michigan,US,4569
St. Clair,Michigan,US,12554
St. Joseph,Michigan,US,5203
Tuscola,Michigan,US,4146
Unassigned,Michigan,US,22
Van Buren,Michigan,US,5626
Washtenaw,Michigan,US,21259
Wayne,Michigan,US,121125
Wexford,Michigan,US,2071
Aitkin,Minnesota,US,1224
Anoka,Minnesota,US,35883
Becker,Minnesota,US,3313
Beltrami,Minnesota,US,3571
Benton,Minnesota,US,4992
Big Stone,Minnesota,US,546
Blue Earth,Minnesota,US,6584
Brown,Minnesota,US,2794
Carlton,Minnesota,US,3161
Carver,Minnesota,US,8960
Cass,Minnesota,US,2328
Chippewa,Minnesota,US,1422
Chisago,Minnesota,US,5248
Clay,Minnesota,US,7409
Clearwater,Minnesota,US,742
Cook,Minnesota,US,140
Cottonwood,Minnesota,US,1475
Crow Wing,Minnesota,US,5609
Dakota,Minnesota,US,39789
Dodge,Minnesota,US,1636
Douglas,Minnesota,US,4198
Faribault,Minnesota,US,1385
Fillmore,Minnesota,US,1489
Freeborn,Minnesota,US,3112
Goodhue,Minnesota,US,4202
Grant,Minnesota,US,522
Hennepin,Minnesota,US,109060
Houston,Minnesota,US,1614
Hubbard,Minnesota,US,1642
Isanti,Minnesota,US,3402
Itasca,Minnesota,US,3464
Jackson,Minnesota,US,1062
Kanabec,Minnesota,US,1204
Kandiyohi,Minnesota,US,6083
Kittson,Minnesota,US,426
Koochiching,Minnesota,US,696
Lac qui Parle,Minnesota,US,723
Lake,Minnesota,US,770
Lake of the Woods,Minnesota,US,264
Le Sueur,Minnesota,US,2579
Lincoln,Minnesota,US,544
Lyon,Minnesota,US,3333
Mahnomen,Minnesota,US,477
Marshall,Minnesota,US,827
Martin,Minnesota,US,2047
McLeod,Minnesota,US,3676
Meeker,Minnesota,US,2208
Mille Lacs,Minnesota,US,2572
Morrison,Minnesota,US,3685
Mower,Minnesota,US,4393
Murray,Minnesota,US,984
Nicollet,Minnesota,US,2868
Nobles,Minnesota,US,3926
Norman,Minnesota,US,499
Olmsted,Minnesota,US,12382
Otter Tail,Minnesota,US,5175
Pennington,Minnesota,US,1478
Pine,Minnesota,US,2992
Pipestone,Minnesota,US,1055
Polk,Minnesota,US,3539
Pope,Minnesota,US,946
Ramsey,Minnesota,US,45433
Red Lake,Minnesota,US,374
Redwood,Minnesota,US,1581
Renville,Minnesota,US,1627
Rice,Minnesota,US,7191
Rock,Minnesota,US,1198
Roseau,Minnesota,US,1895
Scott,Minnesota,US,14920
Sherburne,Minnesota,US,9716
Sibley,Minnesota,US,1282
St. Louis,Minnesota,US,15920
Stearns,Minnesota,US,20024
Steele,Minnesota,US,3368
Stevens,Minnesota,US,777
Swift,Minnesota,US,955
Todd,Minnesota,US,2609
Traverse,Minnesota,US,355
Unassigned,Minnesota,US,498
Wabasha,Minnesota,US,1959
Wadena,Minnesota,US,1375
Waseca,Minnesota,US,2219
Washington,Minnesota,US,23531
Watonwan,Minnesota,US,1224
Wilkin,Minnesota,US,737
Winona,Minnesota,US,4310
Wright,Minnesota,US,13748
Yellow Medicine,Minnesota,US,1048
Adams,Mississippi,US,2429
Alcorn,Mississippi,US,2963
Amite,Mississippi,US,1186
Attala,Mississippi,US,2128
Benton,Mississippi,US,965
Bolivar,Mississippi,US,4763
Calhoun,Mississippi,US,1627
Carroll,Mississippi,US,1205
Chickasaw,Mississippi,US,2040
Choctaw,Mississippi,US,725
Claiborne,Mississippi,US,1011
Clarke,Mississippi,US,1757
Clay,Mississippi,US,1819
Coahoma,Mississippi,US,2886
Copiah,Mississippi,US,2914
Covington,Mississippi,US,2535
DeSoto,Mississippi,US,20590
Forrest,Mississippi,US,7493
Franklin,Mississippi,US,810
George,Mississippi,US,2368
Greene,Mississippi,US,1293
Grenada,Mississippi,US,2530
Hancock,Mississippi,US,3695
Harrison,Mississippi,US,17397
Hinds,Mississippi,US,19728
Holmes,Mississippi,US,1855
Humphreys,Mississippi,US,941
Issaquena,Mississippi,US,168
Itawamba,Mississippi,US,2958
Jackson,Mississippi,US,13042
Jasper,Mississippi,US,2193
Jefferson,Mississippi,US,645
Jefferson Davis,Mississippi,US,1043
Jones,Mississippi,US,8253
Kemper,Mississippi,US,947
Lafayette,Mississippi,US,5962
Lamar,Mississippi,US,6066
Lauderdale,Mississippi,US,7086
Lawrence,Mississippi,US,1256
Leake,Mississippi,US,2598
Lee,Mississippi,US,9818
Leflore,Mississippi,US,3463
Lincoln,Mississippi,US,3861
Lowndes,Mississippi,US,6232
Madison,Mississippi,US,9831
Marion,Mississippi,US,2643
Marshall,Mississippi,US,4246
Monroe,Mississippi,US,4050
Montgomery,Mississippi,US,1250
Neshoba,Mississippi,US,3958
Newton,Mississippi,US,2430
Noxubee,Mississippi,US,1252
Oktibbeha,Mississippi,US,4530
Panola,Mississippi,US,4420
Pearl River,Mississippi,US,4388
Perry,Mississippi,US,1246
Pike,Mississippi,US,3150
Pontotoc,Mississippi,US,4153
Prentiss,Mississippi,US,2744
Quitman,Mississippi,US,785
Rankin,Mississippi,US,13238
Scott,Mississippi,US,3080
Sharkey,Mississippi,US,494
Simpson,Mississippi,US,2863
Smith,Mississippi,US,1574
Stone,Mississippi,US,1774
Sunflower,Mississippi,US,3275
Tallahatchie,Mississippi,US,1744
Tate,Mississippi,US,3202
Tippah,Mississippi,US,2836
Tishomingo,Mississippi,US,2215
Tunica,Mississippi,US,1022
Unassigned,Mississippi,US,0
Union,Mississippi,US,4010
Walthall,Mississippi,US,1296
Warren,Mississippi,US,4256
Washington,Mississippi,US,5264
Wayne,Mississippi,US,2610
Webster,Mississippi,US,1134
Wilkinson,Mississippi,US,639
Winston,Mississippi,US,2255
Yalobusha,Mississippi,US,1569
Yazoo,Mississippi,US,3031
Adair,Missouri,US,2403
Andrew,Missouri,US,1868
Atchison,Missouri,US,443
Audrain,Missouri,US,2763
Barry,Missouri,US,2891
Barton,Missouri,US,1164
Bates,Missouri,US,1317
Benton,Missouri,US,1665
Bollinger,Missouri,US,1126
Boone,Missouri,US,17583
Buchanan,Missouri,US,9262
Butler,Missouri,US,4147
Caldwell,Missouri,US,769
Callaway,Missouri,US,4906
Camden,Missouri,US,4011
Cape Girardeau,Missouri,US,8900
Carroll,Missouri,US,1059
Carter,Missouri,US,550
Cass,Missouri,US,8963
Cedar,Missouri,US,1091
Chariton,Missouri,US,668
Christian,Missouri,US,8302
Clark,Missouri,US,673
Clay,Missouri,US,9831
Clinton,Missouri,US,2036
Cole,Missouri,US,9047
Cooper,Missouri,US,1908
Crawford,Missouri,US,2509
Dade,Missouri,US,566
Dallas,Missouri,US,1253
Daviess,Missouri,US,735
DeKalb,Missouri,US,1148
Dent,Missouri,US,918
Douglas,Missouri,US,900
Dunklin,Missouri,US,2760
Franklin,Missouri,US,10426
Gasconade,Missouri,US,1568
Gentry,Missouri,US,837
Greene,Missouri,US,27740
Grundy,Missouri,US,1008
Harrison,Missouri,US,924
Henry,Missouri,US,2012
Hickory,Missouri,US,646
Holt,Missouri,US,424
Howard,Missouri,US,1061
Howell,Missouri,US,3497
Iron,Missouri,US,902
Jackson,Missouri,US,37315
Jasper,Missouri,US,15351
Jefferson,Missouri,US,22206
Johnson,Missouri,US,4926
Kansas City,Missouri,US,42641
Knox,Missouri,US,383
Laclede,Missouri,US,3256
Lafayette,Missouri,US,3078
Lawrence,Missouri,US,3408
Lewis,Missouri,US,1041
Lincoln,Missouri,US,5578
Linn,Missouri,US,1210
Livingston,Missouri,US,1724
Macon,Missouri,US,1564
Madison,Missouri,US,1615
Maries,Missouri,US,628
Marion,Missouri,US,3609
McDonald,Missouri,US,2347
Mercer,Missouri,US,304
Miller,Missouri,US,2513
Mississippi,Missouri,US,1440
Moniteau,Missouri,US,1772
Monroe,Missouri,US,1013
Montgomery,Missouri,US,1030
Morgan,Missouri,US,1707
New Madrid,Missouri,US,2107
Newton,Missouri,US,5251
Nodaway,Missouri,US,2657
Oregon,Missouri,US,849
Osage,Missouri,US,1628
Ozark,Missouri,US,677
Pemiscot,Missouri,US,1545
Perry,Missouri,US,2167
Pettis,Missouri,US,5069
Phelps,Missouri,US,3737
Pike,Missouri,US,1793
Platte,Missouri,US,4069
Polk,Missouri,US,3267
Pulaski,Missouri,US,3452
Putnam,Missouri,US,296
Ralls,Missouri,US,1052
Randolph,Missouri,US,2656
Ray,Missouri,US,1941
Reynolds,Missouri,US,381
Ripley,Missouri,US,1058
Saline,Missouri,US,2887
Schuyler,Missouri,US,330
Scotland,Missouri,US,308
Scott,Missouri,US,4706
Shannon,Missouri,US,592
Shelby,Missouri,US,583
St. Charles,Missouri,US,41433
St. Clair,Missouri,US,790
St. Francois,Missouri,US,8784
St. Louis,Missouri,US,93062
St. Louis City,Missouri,US,22635
Ste. Genevieve,Missouri,US,1808
Stoddard,Missouri,US,2489
Stone,Missouri,US,2374
Sullivan,Missouri,US,859
Taney,Missouri,US,5185
Texas,Missouri,US,1824
Unassigned,Missouri,US,0
Vernon,Missouri,US,1962
Warren,Missouri,US,3030
Washington,Missouri,US,2728
Wayne,Missouri,US,1033
Webster,Missouri,US,3518
Worth,Missouri,US,164
Wright,Missouri,US,1556
Beaverhead,Montana,US,893
Big Horn,Montana,US,2494
Blaine,Montana,US,729
Broadwater,Montana,US,442
Carbon,Montana,US,852
Carter,Montana,US,146
Cascade,Montana,US,8454
Chouteau,Montana,US,494
Custer,Montana,US,1171
Daniels,Montana,US,197
Dawson,Montana,US,1100
Deer Lodge,Montana,US,1066
Fallon,Montana,US,279
Fergus,Montana,US,1086
Flathead,Montana,US,11412
Gallatin,Montana,US,13242
Garfield,Montana,US,78
Glacier,Montana,US,1526
Golden Valley,Montana,US,53
Granite,Montana,US,190
Hill,Montana,US,1944
Jefferson,Montana,US,1050
Judith Basin,Montana,US,90
Lake,Montana,US,1986
Lewis and Clark,Montana,US,6577
Liberty,Montana,US,117
Lincoln,Montana,US,1560
Madison,Montana,US,726
McCone,Montana,US,183
Meagher,Montana,US,126
Mineral,Montana,US,249
Missoula,Montana,US,8707
Musselshell,Montana,US,323
Park,Montana,US,1190
Petroleum,Montana,US,12
Phillips,Montana,US,517
Pondera,Montana,US,458
Powder River,Montana,US,118
Powell,Montana,US,910
Prairie,Montana,US,141
Ravalli,Montana,US,2890
Richland,Montana,US,1112
Roosevelt,Montana,US,1592
Rosebud,Montana,US,1190
Sanders,Montana,US,605
Sheridan,Montana,US,416
Silver Bow,Montana,US,3991
Stillwater,Montana,US,712
Sweet Grass,Montana,US,383
Teton,Montana,US,438
Toole,Montana,US,709
Treasure,Montana,US,55
Unassigned,Montana,US,0
Valley,Montana,US,867
Wheatland,Montana,US,175
Wibaux,Montana,US,120
Yellowstone,Montana,US,16710
Adams,Nebraska,US,2828
Antelope,Nebraska,US,495
Arthur,Nebraska,US,22
Banner,Nebraska,US,35
Blaine,Nebraska,US,20
Boone,Nebraska,US,565
Box Butte,Nebraska,US,923
Boyd,Nebraska,US,174
Brown,Nebraska,US,218
Buffalo,Nebraska,US,5308
Burt,Nebraska,US,655
Butler,Nebraska,US,838
Cass,Nebraska,US,2494
Cedar,Nebraska,US,757
Chase,Nebraska,US,457
Cherry,Nebraska,US,295
Cheyenne,Nebraska,US,918
Clay,Nebraska,US,677
Colfax,Nebraska,US,1571
Cuming,Nebraska,US,1025
Custer,Nebraska,US,842
Dakota,Nebraska,US,3836
Dawes,Nebraska,US,723
Dawson,Nebraska,US,2858
Deuel,Nebraska,US,100
Dixon,Nebraska,US,597
Dodge,Nebraska,US,4812
Douglas,Nebraska,US,67235
Dundy,Nebraska,US,178
Fillmore,Nebraska,US,490
Franklin,Nebraska,US,240
Frontier,Nebraska,US,192
Furnas,Nebraska,US,497
Gage,Nebraska,US,2150
Garden,Nebraska,US,112
Garfield,Nebraska,US,146
Gosper,Nebraska,US,181
Grant,Nebraska,US,38
Greeley,Nebraska,US,209
Hall,Nebraska,US,7596
Hamilton,Nebraska,US,913
Harlan,Nebraska,US,215
Hayes,Nebraska,US,57
Hitchcock,Nebraska,US,253
Holt,Nebraska,US,818
Hooker,Nebraska,US,53
Howard,Nebraska,US,534
Jefferson,Nebraska,US,640
Johnson,Nebraska,US,638
Kearney,Nebraska,US,674
Keith,Nebraska,US,703
Keya Paha,Nebraska,US,54
Kimball,Nebraska,US,412
Knox,Nebraska,US,863
Lancaster,Nebraska,US,29767
Lincoln,Nebraska,US,3674
Logan,Nebraska,US,79
Loup,Nebraska,US,40
Madison,Nebraska,US,4151
McPherson,Nebraska,US,29
Merrick,Nebraska,US,746
Morrill,Nebraska,US,496
Nance,Nebraska,US,397
Nemaha,Nebraska,US,636
Nuckolls,Nebraska,US,428
Otoe,Nebraska,US,1380
Pawnee,Nebraska,US,232
Perkins,Nebraska,US,279
Phelps,Nebraska,US,968
Pierce,Nebraska,US,614
Platte,Nebraska,US,4004
Polk,Nebraska,US,572
Red Willow,Nebraska,US,1196
Richardson,Nebraska,US,709
Rock,Nebraska,US,102
Saline,Nebraska,US,1980
Sarpy,Nebraska,US,21347
Saunders,Nebraska,US,2417
Scotts Bluff,Nebraska,US,3414
Seward,Nebraska,US,1655
Sheridan,Nebraska,US,493
Sherman,Nebraska,US,188
Sioux,Nebraska,US,36
Stanton,Nebraska,US,356
Thayer,Nebraska,US,482
Thomas,Nebraska,US,52
Thurston,Nebraska,US,830
Unassigned,Nebraska,US,1808
Valley,Nebraska,US,317
Washington,Nebraska,US,2091
Wayne,Nebraska,US,1029
Webster,Nebraska,US,368
Wheeler,Nebraska,US,39
York,Nebraska,US,1704
Carson City,Nevada,US,6192
Churchill,Nevada,US,1970
Clark,Nevada,US,235081
Douglas,Nevada,US,2683
Elko,Nevada,US,4668
Esmeralda,Nevada,US,38
Eureka,Nevada,US,50
Humboldt,Nevada,US,1092
Lander,Nevada,US,444
Lincoln,Nevada,US,354
Lyon,Nevada,US,2940
Mineral,Nevada,US,305
Nye,Nevada,US,2858
Pershing,Nevada,US,943
Storey,Nevada,US,90
Unassigned,Nevada,US,0
Washoe,Nevada,US,44183
White Pine,Nevada,US,563
Belknap,New Hampshire,US,3378
Carroll,New Hampshire,US,1977
Cheshire,New Hampshire,US,3149
Coos,New Hampshire,US,1517
Grafton,New Hampshire,US,3137
Hillsborough,New Hampshire,US,31607
Merrimack,New Hampshire,US,8315
Rockingham,New Hampshire,US,21071
Strafford,New Hampshire,US,8136
Sullivan,New Hampshire,US,1454
Unassigned,New Hampshire,US,1269
Atlantic,New Jersey,US,28475
Bergen,New Jersey,US,92547
Burlington,New Jersey,US,40316
Camden,New Jersey,US,49223
Cape May,New Jersey,US,8323
Cumberland,New Jersey,US,15421
Essex,New Jersey,US,86128
Gloucester,New Jersey,US,27155
Hudson,New Jersey,US,80614
Hunterdon,New Jersey,US,8492
Mercer,New Jersey,US,31120
Middlesex,New Jersey,US,84176
Monmouth,New Jersey,US,68700
Morris,New Jersey,US,45417
Ocean,New Jersey,US,69118
Passaic,New Jersey,US,65132
Salem,New Jersey,US,5268
Somerset,New Jersey,US,27028
Sussex,New Jersey,US,11801
Unassigned,New Jersey,US,1083
Union,New Jersey,US,64852
Warren,New Jersey,US,8562
Bernalillo,New Mexico,US,54906
Catron,New Mexico,US,84
Chaves,New Mexico,US,8750
Cibola,New Mexico,US,2818
Colfax,New Mexico,US,724
Curry,New Mexico,US,5043
De Baca,New Mexico,US,134
Dona Ana,New Mexico,US,23926
Eddy,New Mexico,US,6675
Grant,New Mexico,US,1632
Guadalupe,New Mexico,US,377
Harding,New Mexico,US,9
Hidalgo,New Mexico,US,355
Lea,New Mexico,US,8213
Lincoln,New Mexico,US,1592
Los Alamos,New Mexico,US,501
Luna,New Mexico,US,3238
McKinley,New Mexico,US,12140
Mora,New Mexico,US,168
Otero,New Mexico,US,3649
Quay,New Mexico,US,428
Rio Arriba,New Mexico,US,3478
Roosevelt,New Mexico,US,1870
San Juan,New Mexico,US,13773
San Miguel,New Mexico,US,1318
Sandoval,New Mexico,US,11430
Santa Fe,New Mexico,US,9880
Sierra,New Mexico,US,712
Socorro,New Mexico,US,1245
Taos,New Mexico,US,1618
Torrance,New Mexico,US,683
Unassigned,New Mexico,US,4104
Union,New Mexico,US,245
Valencia,New Mexico,US,6434
Albany,New York,US,22738
Allegany,New York,US,3048
Bronx,New York,US,166550
Broome,New York,US,16695
Cattaraugus,New York,US,4845
Cayuga,New York,US,5635
Chautauqua,New York,US,7970
Chemung,New York,US,6875
Chenango,New York,US,2852
Clinton,New York,US,4230
Columbia,New York,US,3704
Cortland,New York,US,3426
Delaware,New York,US,1980
Dutchess,New York,US,26329
Erie,New York,US,74919
Essex,New York,US,1454
Franklin,New York,US,2316
Fulton,New York,US,3806
Genesee,New York,US,4809
Greene,New York,US,2986
Hamilton,New York,US,294
Herkimer,New York,US,4788
Jefferson,New York,US,5244
Kings,New York,US,248953
Lewis,New York,US,2337
Livingston,New York,US,3828
Madison,New York,US,4130
Monroe,New York,US,57101
Montgomery,New York,US,3635
Nassau,New York,US,168884
New York,New York,US,124656
Niagara,New York,US,16713
Oneida,New York,US,20881
Onondaga,New York,US,34438
Ontario,New York,US,6390
Orange,New York,US,43686
Orleans,New York,US,2610
Oswego,New York,US,6648
Otsego,New York,US,2948
Out of NY,New York,US,0
Putnam,New York,US,9627
Queens,New York,US,248788
Rensselaer,New York,US,10091
Richmond,New York,US,66501
Rockland,New York,US,43886
Saratoga,New York,US,13533
Schenectady,New York,US,11894
Schoharie,New York,US,1424
Schuyler,New York,US,942
Seneca,New York,US,1797
St. Lawrence,New York,US,5954
Steuben,New York,US,5974
Suffolk,New York,US,183912
Sullivan,New York,US,5622
Tioga,New York,US,3156
Tompkins,New York,US,3925
Ulster,New York,US,12126
Unassigned,New York,US,166
Warren,New York,US,3211
Washington,New York,US,2708
Wayne,New York,US,4887
Westchester,New York,US,120734
Wyoming,New York,US,3095
Yates,New York,US,1062
Alamance,North Carolina,US,16893
Alexander,North Carolina,US,4165
Alleghany,North Carolina,US,945
Anson,North Carolina,US,2433
Ashe,North Carolina,US,1975
Avery,North Carolina,US,2002
Beaufort,North Carolina,US,4466
Bertie,North Carolina,US,1699
Bladen,North Carolina,US,3112
Brunswick,North Carolina,US,8574
Buncombe,North Carolina,US,16466
Burke,North Carolina,US,9558
Cabarrus,North Carolina,US,19805
Caldwell,North Carolina,US,8960
Camden,North Carolina,US,620
Carteret,North Carolina,US,4746
Caswell,North Carolina,US,2068
Catawba,North Carolina,US,18246
Chatham,North Carolina,US,4379
Cherokee,North Carolina,US,2278
Chowan,North Carolina,US,1394
Clay,North Carolina,US,684
Cleveland,North Carolina,US,10889
Columbus,North Carolina,US,6131
Craven,North Carolina,US,8897
Cumberland,North Carolina,US,25921
Currituck,North Carolina,US,1462
Dare,North Carolina,US,1997
Davidson,North Carolina,US,15384
Davie,North Carolina,US,3797
Duplin,North Carolina,US,5975
Durham,North Carolina,US,23221
Edgecombe,North Carolina,US,5045
Forsyth,North Carolina,US,33408
Franklin,North Carolina,US,6017
Gaston,North Carolina,US,24911
Gates,North Carolina,US,705
Graham,North Carolina,US,570
Granville,North Carolina,US,5574
Greene,North Carolina,US,2190
Guilford,North Carolina,US,43019
Halifax,North Carolina,US,5218
Harnett,North Carolina,US,10537
Haywood,North Carolina,US,4049
Henderson,North Carolina,US,9521
Hertford,North Carolina,US,2001
Hoke,North Carolina,US,4364
Hyde,North Carolina,US,630
Iredell,North Carolina,US,17489
Jackson,North Carolina,US,3486
Johnston,North Carolina,US,19403
Jones,North Carolina,US,786
Lee,North Carolina,US,5693
Lenoir,North Carolina,US,5653
Lincoln,North Carolina,US,9318
Macon,North Carolina,US,2714
Madison,North Carolina,US,1457
Martin,North Carolina,US,2152
McDowell,North Carolina,US,5040
Mecklenburg,North Carolina,US,102987
Mitchell,North Carolina,US,1310
Montgomery,North Carolina,US,3205
Moore,North Carolina,US,8411
Nash,North Carolina,US,10572
New Hanover,North Carolina,US,17655
Northampton,North Carolina,US,1799
Onslow,North Carolina,US,15401
Orange,North Carolina,US,8092
Pamlico,North Carolina,US,1052
Pasquotank,North Carolina,US,3189
Pender,North Carolina,US,5032
Perquimans,North Carolina,US,941
Person,North Carolina,US,3215
Pitt,North Carolina,US,18228
Polk,North Carolina,US,1412
Randolph,North Carolina,US,14246
Richmond,North Carolina,US,4377
Robeson,North Carolina,US,15715
Rockingham,North Carolina,US,7104
Rowan,North Carolina,US,15722
Rutherford,North Carolina,US,6962
Sampson,North Carolina,US,7409
Scotland,North Carolina,US,3575
Stanly,North Carolina,US,7312
Stokes,North Carolina,US,3777
Surry,North Carolina,US,7680
Swain,North Carolina,US,1195
Transylvania,North Carolina,US,2071
Tyrrell,North Carolina,US,308
Unassigned,North Carolina,US,0
Union,North Carolina,US,22444
Vance,North Carolina,US,4660
Wake,North Carolina,US,80734
Warren,North Carolina,US,1701
Washington,North Carolina,US,1022
Watauga,North Carolina,US,4301
Wayne,North Carolina,US,10575
Wilkes,North Carolina,US,6308
Wilson,North Carolina,US,9050
Yadkin,North Carolina,US,3804
Yancey,North Carolina,US,1514
Adams,North Dakota,US,268
Barnes,North Dakota,US,1340
Benson,North Dakota,US,1036
Billings,North Dakota,US,53
Bottineau,North Dakota,US,705
Bowman,North Dakota,US,399
Burke,North Dakota,US,232
Burleigh,North Dakota,US,14944
Cass,North Dakota,US,22897
Cavalier,North Dakota,US,426
Dickey,North Dakota,US,769
Divide,North Dakota,US,173
Dunn,North Dakota,US,368
Eddy,North Dakota,US,461
Emmons,North Dakota,US,409
Foster,North Dakota,US,571
Golden Valley,North Dakota,US,254
Grand Forks,North Dakota,US,10099
Grant,North Dakota,US,192
Griggs,North Dakota,US,308
Hettinger,North Dakota,US,322
Kidder,North Dakota,US,258
LaMoure,North Dakota,US,505
Logan,North Dakota,US,229
McHenry,North Dakota,US,617
McIntosh,North Dakota,US,326
McKenzie,North Dakota,US,1204
McLean,North Dakota,US,1241
Mercer,North Dakota,US,1095
Morton,North Dakota,US,5025
Mountrail,North Dakota,US,1287
Nelson,North Dakota,US,465
Oliver,North Dakota,US,154
Pembina,North Dakota,US,790
Pierce,North Dakota,US,531
Ramsey,North Dakota,US,1664
Ransom,North Dakota,US,634
Renville,North Dakota,US,314
Richland,North Dakota,US,1911
Rolette,North Dakota,US,2133
Sargent,North Dakota,US,436
Sheridan,North Dakota,US,112
Sioux,North Dakota,US,642
Slope,North Dakota,US,32
Stark,North Dakota,US,4556
Steele,North Dakota,US,175
Stutsman,North Dakota,US,3338
Towner,North Dakota,US,303
Traill,North Dakota,US,1011
Unassigned,North Dakota,US,0
Walsh,North Dakota,US,1802
Ward,North Dakota,US,9387
Wells,North Dakota,US,439
Williams,North Dakota,US,4618
,Northern Mariana Islands,US,159
Adams,Ohio,US,2248
Allen,Ohio,US,11087
Ashland,Ohio,US,4035
Ashtabula,Ohio,US,6244
Athens,Ohio,US,4852
Auglaize,Ohio,US,4658
Belmont,Ohio,US,5413
Brown,Ohio,US,3817
Butler,Ohio,US,37072
Carroll,Ohio,US,1864
Champaign,Ohio,US,3104
Clark,Ohio,US,13201
Clermont,Ohio,US,19142
Clinton,Ohio,US,3532
Columbiana,Ohio,US,8378
Coshocton,Ohio,US,2543
Crawford,Ohio,US,3766
Cuyahoga,Ohio,US,102539
Darke,Ohio,US,5165
Defiance,Ohio,US,3891
Delaware,Ohio,US,17478
Erie,Ohio,US,7288
Fairfield,Ohio,US,15239
Fayette,Ohio,US,2755
Franklin,Ohio,US,118366
Fulton,Ohio,US,3967
Gallia,Ohio,US,2304
Geauga,Ohio,US,6360
Greene,Ohio,US,14223
Guernsey,Ohio,US,3009
Hamilton,Ohio,US,76620
Hancock,Ohio,US,6404
Hardin,Ohio,US,2586
Harrison,Ohio,US,1040
Henry,Ohio,US,2577
Highland,Ohio,US,3430
Hocking,Ohio,US,2050
Holmes,Ohio,US,2490
Huron,Ohio,US,5152
Jackson,Ohio,US,3015
Jefferson,Ohio,US,5095
Knox,Ohio,US,4252
Lake,Ohio,US,19322
Lawrence,Ohio,US,5398
Licking,Ohio,US,15760
Logan,Ohio,US,3676
Lorain,Ohio,US,23338
Lucas,Ohio,US,38171
Madison,Ohio,US,4088
Mahoning,Ohio,US,20317
Marion,Ohio,US,8241
Medina,Ohio,US,14418
Meigs,Ohio,US,1390
Mercer,Ohio,US,4652
Miami,Ohio,US,10355
Monroe,Ohio,US,1265
Montgomery,Ohio,US,48881
Morgan,Ohio,US,1040
Morrow,Ohio,US,2696
Muskingum,Ohio,US,8540
Noble,Ohio,US,1315
Ottawa,Ohio,US,3440
Paulding,Ohio,US,1667
Perry,Ohio,US,2829
Pickaway,Ohio,US,8315
Pike,Ohio,US,2266
Portage,Ohio,US,11881
Preble,Ohio,US,3644
Putnam,Ohio,US,4114
Richland,Ohio,US,10726
Ross,Ohio,US,6513
Sandusky,Ohio,US,4994
Scioto,Ohio,US,6212
Seneca,Ohio,US,4960
Shelby,Ohio,US,4510
Stark,Ohio,US,30730
Summit,Ohio,US,43507
Trumbull,Ohio,US,15097
Tuscarawas,Ohio,US,8267
Unassigned,Ohio,US,0
Union,Ohio,US,5434
Van Wert,Ohio,US,2348
Vinton,Ohio,US,790
Warren,Ohio,US,23415
Washington,Ohio,US,4986
Wayne,Ohio,US,8315
Williams,Ohio,US,3121
Wood,Ohio,US,12300
Wyandot,Ohio,US,2223
Adair,Oklahoma,US,3151
Alfalfa,Oklahoma,US,1155
Atoka,Oklahoma,US,1856
Beaver,Oklahoma,US,459
Beckham,Oklahoma,US,2848
Blaine,Oklahoma,US,1016
Bryan,Oklahoma,US,6039
Caddo,Oklahoma,US,3915
Canadian,Oklahoma,US,16434
Carter,Oklahoma,US,5937
Cherokee,Oklahoma,US,5558
Choctaw,Oklahoma,US,1601
Cimarron,Oklahoma,US,209
Cleveland,Oklahoma,US,29767
Coal,Oklahoma,US,689
Comanche,Oklahoma,US,13059
Cotton,Oklahoma,US,666
Craig,Oklahoma,US,1936
Creek,Oklahoma,US,6757
Custer,Oklahoma,US,4058
Delaware,Oklahoma,US,4526
Dewey,Oklahoma,US,543
Ellis,Oklahoma,US,354
Garfield,Oklahoma,US,7696
Garvin,Oklahoma,US,3539
Grady,Oklahoma,US,5809
Grant,Oklahoma,US,548
Greer,Oklahoma,US,571
Harmon,Oklahoma,US,307
Harper,Oklahoma,US,409
Haskell,Oklahoma,US,1240
Hughes,Oklahoma,US,1207
Jackson,Oklahoma,US,3027
Jefferson,Oklahoma,US,683
Johnston,Oklahoma,US,1358
Kay,Oklahoma,US,5244
Kingfisher,Oklahoma,US,2023
Kiowa,Oklahoma,US,805
Latimer,Oklahoma,US,828
Le Flore,Oklahoma,US,5509
Lincoln,Oklahoma,US,3161
Logan,Oklahoma,US,4122
Love,Oklahoma,US,1457
Major,Oklahoma,US,949
Marshall,Oklahoma,US,1978
Mayes,Oklahoma,US,4126
McClain,Oklahoma,US,5153
McCurtain,Oklahoma,US,3887
McIntosh,Oklahoma,US,1971
Murray,Oklahoma,US,1957
Muskogee,Oklahoma,US,9238
Noble,Oklahoma,US,1370
Nowata,Oklahoma,US,1126
Okfuskee,Oklahoma,US,1776
Oklahoma,Oklahoma,US,83647
Okmulgee,Oklahoma,US,3676
Osage,Oklahoma,US,4592
Ottawa,Oklahoma,US,3782
Out of OK,Oklahoma,US,0
Pawnee,Oklahoma,US,1752
Payne,Oklahoma,US,8571
Pittsburg,Oklahoma,US,4581
Pontotoc,Oklahoma,US,5037
Pottawatomie,Oklahoma,US,8140
Pushmataha,Oklahoma,US,1005
Roger Mills,Oklahoma,US,386
Rogers,Oklahoma,US,10199
Seminole,Oklahoma,US,2817
Sequoyah,Oklahoma,US,4051
Stephens,Oklahoma,US,4768
Texas,Oklahoma,US,3490
Tillman,Oklahoma,US,780
Tulsa,Oklahoma,US,72684
Unassigned,Oklahoma,US,1296
Wagoner,Oklahoma,US,7848
Washington,Oklahoma,US,5047
Washita,Oklahoma,US,1067
Woods,Oklahoma,US,1197
Woodward,Oklahoma,US,3129
Baker,Oregon,US,765
Benton,Oregon,US,2596
Clackamas,Oregon,US,14365
Clatsop,Oregon,US,847
Columbia,Oregon,US,1403
Coos,Oregon,US,1900
Crook,Oregon,US,818
Curry,Oregon,US,557
Deschutes,Oregon,US,6396
Douglas,Oregon,US,2915
Gilliam,Oregon,US,54
Grant,Oregon,US,288
Harney,Oregon,US,294
Hood River,Oregon,US,1084
Jackson,Oregon,US,9321
Jefferson,Oregon,US,2017
Josephine,Oregon,US,2829
Klamath,Oregon,US,3044
Lake,Oregon,US,405
Lane,Oregon,US,10838
Lincoln,Oregon,US,1220
Linn,Oregon,US,3861
Malheur,Oregon,US,3400
Marion,Oregon,US,19417
Morrow,Oregon,US,1062
Multnomah,Oregon,US,33425
Polk,Oregon,US,3251
Sherman,Oregon,US,53
Tillamook,Oregon,US,523
Umatilla,Oregon,US,7878
Unassigned,Oregon,US,0
Union,Oregon,US,1382
Wallowa,Oregon,US,150
Wasco,Oregon,US,1243
Washington,Oregon,US,22431
Wheeler,Oregon,US,25
Yamhill,Oregon,US,3956
Adams,Pennsylvania,US,8194
Allegheny,Pennsylvania,US,86448
Armstrong,Pennsylvania,US,5207
Beaver,Pennsylvania,US,13315
Bedford,Pennsylvania,US,3974
Berks,Pennsylvania,US,40225
Blair,Pennsylvania,US,11196
Bradford,Pennsylvania,US,4843
Bucks,Pennsylvania,US,51556
Butler,Pennsylvania,US,15371
Cambria,Pennsylvania,US,12325
Cameron,Pennsylvania,US,279
Carbon,Pennsylvania,US,5445
Centre,Pennsylvania,US,14683
Chester,Pennsylvania,US,31759
Clarion,Pennsylvania,US,2845
Clearfield,Pennsylvania,US,7276
Clinton,Pennsylvania,US,3141
Columbia,Pennsylvania,US,4968
Crawford,Pennsylvania,US,6692
Cumberland,Pennsylvania,US,18048
Dauphin,Pennsylvania,US,22496
Delaware,Pennsylvania,US,45211
Elk,Pennsylvania,US,2576
Erie,Pennsylvania,US,18761
Fayette,Pennsylvania,US,11279
Forest,Pennsylvania,US,1396
Franklin,Pennsylvania,US,13582
Fulton,Pennsylvania,US,1202
Greene,Pennsylvania,US,2893
Huntingdon,Pennsylvania,US,4589
Indiana,Pennsylvania,US,5396
Jefferson,Pennsylvania,US,2998
Juniata,Pennsylvania,US,1931
Lackawanna,Pennsylvania,US,15738
Lancaster,Pennsylvania,US,48232
Lawrence,Pennsylvania,US,6664
Lebanon,Pennsylvania,US,13914
Lehigh,Pennsylvania,US,34368
Luzerne,Pennsylvania,US,27276
Lycoming,Pennsylvania,US,10300
McKean,Pennsylvania,US,3196
Mercer,Pennsylvania,US,8567
Mifflin,Pennsylvania,US,4817
Monroe,Pennsylvania,US,11608
Montgomery,Pennsylvania,US,60315
Montour,Pennsylvania,US,1844
Northampton,Pennsylvania,US,30768
Northumberland,Pennsylvania,US,8606
Perry,Pennsylvania,US,3243
Philadelphia,Pennsylvania,US,130974
Pike,Pennsylvania,US,3194
Potter,Pennsylvania,US,984
Schuylkill,Pennsylvania,US,12947
Snyder,Pennsylvania,US,3302
Somerset,Pennsylvania,US,6983
Sullivan,Pennsylvania,US,346
Susquehanna,Pennsylvania,US,2032
Tioga,Pennsylvania,US,2638
Unassigned,Pennsylvania,US,0
Union,Pennsylvania,US,5433
Venango,Pennsylvania,US,3559
Warren,Pennsylvania,US,2289
Washington,Pennsylvania,US,15243
Wayne,Pennsylvania,US,3406
Westmoreland,Pennsylvania,US,29395
Wyoming,Pennsylvania,US,1458
York,Pennsylvania,US,39820
Adjuntas,Puerto Rico,US,405
Aguada,Puerto Rico,US,1049
Aguadilla,Puerto Rico,US,1249
Aguas Buenas,Puerto Rico,US,890
Aibonito,Puerto Rico,US,486
Anasco,Puerto Rico,US,662
Arecibo,Puerto Rico,US,2471
Arroyo,Puerto Rico,US,208
Barceloneta,Puerto Rico,US,606
Barranquitas,Puerto Rico,US,963
Bayamon,Puerto Rico,US,8302
Cabo Rojo,Puerto Rico,US,604
Caguas,Puerto Rico,US,4961
Camuy,Puerto Rico,US,980
Canovanas,Puerto Rico,US,1459
Carolina,Puerto Rico,US,6804
Catano,Puerto Rico,US,958
Cayey,Puerto Rico,US,1045
Ceiba,Puerto Rico,US,283
Ciales,Puerto Rico,US,634
Cidra,Puerto Rico,US,1059
Coamo,Puerto Rico,US,708
Comerio,Puerto Rico,US,562
Corozal,Puerto Rico,US,1178
Culebra,Puerto Rico,US,23
Dorado,Puerto Rico,US,1621
Fajardo,Puerto Rico,US,865
Florida,Puerto Rico,US,401
Guanica,Puerto Rico,US,153
Guayama,Puerto Rico,US,638
Guayanilla,Puerto Rico,US,273
Guaynabo,Puerto Rico,US,3516
Gurabo,Puerto Rico,US,1649
Hatillo,Puerto Rico,US,945
Hormigueros,Puerto Rico,US,326
Humacao,Puerto Rico,US,1352
Isabela,Puerto Rico,US,1056
Jayuya,Puerto Rico,US,218
Juana Diaz,Puerto Rico,US,920
Juncos,Puerto Rico,US,1667
Lajas,Puerto Rico,US,274
Lares,Puerto Rico,US,617
Las Marias,Puerto Rico,US,140
Las Piedras,Puerto Rico,US,1233
Loiza,Puerto Rico,US,902
Luquillo,Puerto Rico,US,507
Manati,Puerto Rico,US,1128
Maricao,Puerto Rico,US,71
Maunabo,Puerto Rico,US,217
Mayaguez,Puerto Rico,US,1492
Moca,Puerto Rico,US,1166
Morovis,Puerto Rico,US,1141
Naguabo,Puerto Rico,US,708
Naranjito,Puerto Rico,US,1181
Orocovis,Puerto Rico,US,700
Out of PR,Puerto Rico,US,247
Patillas,Puerto Rico,US,239
Penuelas,Puerto Rico,US,457
Ponce,Puerto Rico,US,2615
Quebradillas,Puerto Rico,US,652
Rincon,Puerto Rico,US,353
Rio Grande,Puerto Rico,US,1503
Sabana Grande,Puerto Rico,US,283
Salinas,Puerto Rico,US,593
San German,Puerto Rico,US,425
San Juan,Puerto Rico,US,14733
San Lorenzo,Puerto Rico,US,1375
San Sebastian,Puerto Rico,US,1082
Santa Isabel,Puerto Rico,US,363
Toa Alta,Puerto Rico,US,3112
Toa Baja,Puerto Rico,US,3045
Trujillo Alto,Puerto Rico,US,2374
Unassigned,Puerto Rico,US,3126
Utuado,Puerto Rico,US,732
Vega Alta,Puerto Rico,US,1361
Vega Baja,Puerto Rico,US,2291
Vieques,Puerto Rico,US,118
Villalba,Puerto Rico,US,664
Yabucoa,Puerto Rico,US,795
Yauco,Puerto Rico,US,608
,Recovered,US,0
Bristol,Rhode Island,US,4591
Kent,Rhode Island,US,16664
Newport,Rhode Island,US,5785
Providence,Rhode Island,US,88787
Unassigned,Rhode Island,US,13326
Washington,Rhode Island,US,9102
Abbeville,South Carolina,US,2435
Aiken,South Carolina,US,16534
Allendale,South Carolina,US,893
Anderson,South Carolina,US,21843
Bamberg,South Carolina,US,1515
Barnwell,South Carolina,US,2480
Beaufort,South Carolina,US,16289
Berkeley,South Carolina,US,16298
Calhoun,South Carolina,US,1275
Charleston,South Carolina,US,40800
Cherokee,South Carolina,US,5771
Chester,South Carolina,US,3974
Chesterfield,South Carolina,US,4583
Clarendon,South Carolina,US,3296
Colleton,South Carolina,US,3403
Darlington,South Carolina,US,8150
Dillon,South Carolina,US,4252
Dorchester,South Carolina,US,16407
Edgefield,South Carolina,US,2972
Fairfield,South Carolina,US,2276
Florence,South Carolina,US,17191
Georgetown,South Carolina,US,6488
Greenville,South Carolina,US,69858
Greenwood,South Carolina,US,7665
Hampton,South Carolina,US,1848
Horry,South Carolina,US,37041
Jasper,South Carolina,US,2236
Kershaw,South Carolina,US,7079
Lancaster,South Carolina,US,10137
Laurens,South Carolina,US,6792
Lee,South Carolina,US,1835
Lexington,South Carolina,US,31701
Marion,South Carolina,US,3428
Marlboro,South Carolina,US,3138
McCormick,South Carolina,US,997
Newberry,South Carolina,US,4683
Oconee,South Carolina,US,8984
Orangeburg,South Carolina,US,9345
Pickens,South Carolina,US,17615
Richland,South Carolina,US,44031
Saluda,South Carolina,US,1710
Spartanburg,South Carolina,US,39101
Sumter,South Carolina,US,10096
Unassigned,South Carolina,US,0
Union,South Carolina,US,2893
Williamsburg,South Carolina,US,3928
York,South Carolina,US,28765
Aurora,South Dakota,US,459
Beadle,South Dakota,US,2867
Bennett,South Dakota,US,386
Bon Homme,South Dakota,US,1514
Brookings,South Dakota,US,3862
Brown,South Dakota,US,5322
Brule,South Dakota,US,702
Buffalo,South Dakota,US,423
Butte,South Dakota,US,1010
Campbell,South Dakota,US,131
Charles Mix,South Dakota,US,1352
Clark,South Dakota,US,419
Clay,South Dakota,US,1873
Codington,South Dakota,US,4221
Corson,South Dakota,US,476
Custer,South Dakota,US,787
Davison,South Dakota,US,3124
Day,South Dakota,US,678
Deuel,South Dakota,US,495
Dewey,South Dakota,US,1442
Douglas,South Dakota,US,448
Edmunds,South Dakota,US,493
Fall River,South Dakota,US,566
Faulk,South Dakota,US,365
Grant,South Dakota,US,1009
Gregory,South Dakota,US,573
Haakon,South Dakota,US,260
Hamlin,South Dakota,US,751
Hand,South Dakota,US,354
Hanson,South Dakota,US,380
Harding,South Dakota,US,92
Hughes,South Dakota,US,2376
Hutchinson,South Dakota,US,846
Hyde,South Dakota,US,140
Jackson,South Dakota,US,285
Jerauld,South Dakota,US,274
Jones,South Dakota,US,93
Kingsbury,South Dakota,US,740
Lake,South Dakota,US,1307
Lawrence,South Dakota,US,2895
Lincoln,South Dakota,US,8262
Lyman,South Dakota,US,626
Marshall,South Dakota,US,364
McCook,South Dakota,US,796
McPherson,South Dakota,US,240
Meade,South Dakota,US,2698
Mellette,South Dakota,US,254
Miner,South Dakota,US,292
Minnehaha,South Dakota,US,29905
Moody,South Dakota,US,626
Oglala Lakota,South Dakota,US,2089
Pennington,South Dakota,US,13267
Perkins,South Dakota,US,352
Potter,South Dakota,US,388
Roberts,South Dakota,US,1316
Sanborn,South Dakota,US,339
Spink,South Dakota,US,825
Stanley,South Dakota,US,339
Sully,South Dakota,US,137
Todd,South Dakota,US,1219
Tripp,South Dakota,US,740
Turner,South Dakota,US,1133
Unassigned,South Dakota,US,0
Union,South Dakota,US,2152
Walworth,South Dakota,US,757
Yankton,South Dakota,US,2939
Ziebach,South Dakota,US,341
Anderson,Tennessee,US,8469
Bedford,Tennessee,US,6251
Benton,Tennessee,US,1576
Bledsoe,Tennessee,US,2072
Blount,Tennessee,US,14717
Bradley,Tennessee,US,14067
Campbell,Tennessee,US,4013
Cannon,Tennessee,US,1856
Carroll,Tennessee,US,3540
Carter,Tennessee,US,6232
Cheatham,Tennessee,US,4283
Chester,Tennessee,US,2077
Claiborne,Tennessee,US,2979
Clay,Tennessee,US,1079
Cocke,Tennessee,US,4359
Coffee,Tennessee,US,6718
Crockett,Tennessee,US,1981
Cumberland,Tennessee,US,6379
Davidson,Tennessee,US,85672
DeKalb,Tennessee,US,2734
Decatur,Tennessee,US,1562
Dickson,Tennessee,US,6526
Dyer,Tennessee,US,5321
Fayette,Tennessee,US,4808
Fentress,Tennessee,US,2349
Franklin,Tennessee,US,5009
Gibson,Tennessee,US,6304
Giles,Tennessee,US,3865
Grainger,Tennessee,US,2524
Greene,Tennessee,US,7535
Grundy,Tennessee,US,1744
Hamblen,Tennessee,US,8363
Hamilton,Tennessee,US,42424
Hancock,Tennessee,US,527
Hardeman,Tennessee,US,3428
Hardin,Tennessee,US,3426
Hawkins,Tennessee,US,5574
Haywood,Tennessee,US,2670
Henderson,Tennessee,US,3666
Henry,Tennessee,US,3079
Hickman,Tennessee,US,2753
Houston,Tennessee,US,1063
Humphreys,Tennessee,US,1636
Jackson,Tennessee,US,1288
Jefferson,Tennessee,US,5946
Johnson,Tennessee,US,2228
Knox,Tennessee,US,48442
Lake,Tennessee,US,1689
Lauderdale,Tennessee,US,3115
Lawrence,Tennessee,US,5703
Lewis,Tennessee,US,1529
Lincoln,Tennessee,US,4254
Loudon,Tennessee,US,5904
Macon,Tennessee,US,3496
Madison,Tennessee,US,10508
Marion,Tennessee,US,3057
Marshall,Tennessee,US,4039
Maury,Tennessee,US,12741
McMinn,Tennessee,US,6202
McNairy,Tennessee,US,2743
Meigs,Tennessee,US,1313
Monroe,Tennessee,US,5579
Montgomery,Tennessee,US,18441
Moore,Tennessee,US,988
Morgan,Tennessee,US,2399
Obion,Tennessee,US,4443
Out of TN,Tennessee,US,17830
Overton,Tennessee,US,2932
Perry,Tennessee,US,1054
Pickett,Tennessee,US,753
Polk,Tennessee,US,1930
Putnam,Tennessee,US,11001
Rhea,Tennessee,US,4253
Roane,Tennessee,US,6076
Robertson,Tennessee,US,9393
Rutherford,Tennessee,US,40924
Scott,Tennessee,US,2995
Sequatchie,Tennessee,US,1631
Sevier,Tennessee,US,12859
Shelby,Tennessee,US,90653
Smith,Tennessee,US,2695
Stewart,Tennessee,US,1283
Sullivan,Tennessee,US,15468
Sumner,Tennessee,US,22594
Tipton,Tennessee,US,7134
Trousdale,Tennessee,US,2463
Unassigned,Tennessee,US,16345
Unicoi,Tennessee,US,1879
Union,Tennessee,US,1824
Van Buren,Tennessee,US,817
Warren,Tennessee,US,5447
Washington,Tennessee,US,13533
Wayne,Tennessee,US,2937
Weakley,Tennessee,US,3939
White,Tennessee,US,3490
Williamson,Tennessee,US,26668
Wilson,Tennessee,US,17557
Anderson,Texas,US,6061
Andrews,Texas,US,1739
Angelina,Texas,US,8213
Aransas,Texas,US,1206
Archer,Texas,US,792
Armstrong,Texas,US,158
Atascosa,Texas,US,5586
Austin,Texas,US,2036
Bailey,Texas,US,800
Bandera,Texas,US,1332
Bastrop,Texas,US,8873
Baylor,Texas,US,295
Bee,Texas,US,3454
Bell,Texas,US,21629
Bexar,Texas,US,205777
Blanco,Texas,US,702
Borden,Texas,US,31
Bosque,Texas,US,1636
Bowie,Texas,US,6840
Brazoria,Texas,US,35604
Brazos,Texas,US,25233
Brewster,Texas,US,913
Briscoe,Texas,US,139
Brooks,Texas,US,778
Brown,Texas,US,4217
Burleson,Texas,US,2323
Burnet,Texas,US,4487
Caldwell,Texas,US,5396
Calhoun,Texas,US,2174
Callahan,Texas,US,1169
Cameron,Texas,US,38680
Camp,Texas,US,1206
Carson,Texas,US,430
Cass,Texas,US,1855
Castro,Texas,US,929
Chambers,Texas,US,4632
Cherokee,Texas,US,4102
Childress,Texas,US,1325
Clay,Texas,US,1023
Cochran,Texas,US,262
Coke,Texas,US,442
Coleman,Texas,US,737
Collin,Texas,US,86867
Collingsworth,Texas,US,290
Colorado,Texas,US,1644
Comal,Texas,US,9711
Comanche,Texas,US,1522
Concho,Texas,US,371
Cooke,Texas,US,3626
Coryell,Texas,US,7022
Cottle,Texas,US,190
Crane,Texas,US,520
Crockett,Texas,US,574
Crosby,Texas,US,544
Culberson,Texas,US,355
Dallam,Texas,US,935
Dallas,Texas,US,291859
Dawson,Texas,US,1717
DeWitt,Texas,US,1894
Deaf Smith,Texas,US,2674
Delta,Texas,US,310
Denton,Texas,US,71976
Dickens,Texas,US,164
Dimmit,Texas,US,1794
Donley,Texas,US,363
Duval,Texas,US,1212
Eastland,Texas,US,1327
Ector,Texas,US,16656
Edwards,Texas,US,247
El Paso,Texas,US,129884
Ellis,Texas,US,22201
Erath,Texas,US,4086
Falls,Texas,US,2031
Fannin,Texas,US,3426
Fayette,Texas,US,2523
Fisher,Texas,US,292
Floyd,Texas,US,785
Foard,Texas,US,120
Fort Bend,Texas,US,63440
Franklin,Texas,US,707
Freestone,Texas,US,1812
Frio,Texas,US,2746
Gaines,Texas,US,1418
Galveston,Texas,US,37261
Garza,Texas,US,397
Gillespie,Texas,US,2501
Glasscock,Texas,US,100
Goliad,Texas,US,434
Gonzales,Texas,US,2683
Gray,Texas,US,2058
Grayson,Texas,US,11082
Gregg,Texas,US,10906
Grimes,Texas,US,3544
Guadalupe,Texas,US,13960
Hale,Texas,US,6077
Hall,Texas,US,437
Hamilton,Texas,US,755
Hansford,Texas,US,853
Hardeman,Texas,US,368
Hardin,Texas,US,5386
Harris,Texas,US,378299
Harrison,Texas,US,4690
Hartley,Texas,US,619
Haskell,Texas,US,439
Hays,Texas,US,19081
Hemphill,Texas,US,560
Henderson,Texas,US,5707
Hidalgo,Texas,US,85141
Hill,Texas,US,4411
Hockley,Texas,US,2432
Hood,Texas,US,6416
Hopkins,Texas,US,3032
Houston,Texas,US,1589
Howard,Texas,US,4548
Hudspeth,Texas,US,509
Hunt,Texas,US,5498
Hutchinson,Texas,US,1653
Irion,Texas,US,122
Jack,Texas,US,598
Jackson,Texas,US,1739
Jasper,Texas,US,2386
Jeff Davis,Texas,US,187
Jefferson,Texas,US,18928
Jim Hogg,Texas,US,606
Jim Wells,Texas,US,4110
Johnson,Texas,US,19351
Jones,Texas,US,2710
Karnes,Texas,US,1920
Kaufman,Texas,US,15531
Kendall,Texas,US,3132
Kenedy,Texas,US,36
Kent,Texas,US,99
Kerr,Texas,US,4345
Kimble,Texas,US,261
King,Texas,US,11
Kinney,Texas,US,340
Kleberg,Texas,US,2530
Knox,Texas,US,255
La Salle,Texas,US,1048
Lamar,Texas,US,5762
Lamb,Texas,US,2044
Lampasas,Texas,US,2102
Lavaca,Texas,US,2394
Lee,Texas,US,2121
Leon,Texas,US,1591
Liberty,Texas,US,7407
Limestone,Texas,US,2689
Lipscomb,Texas,US,305
Live Oak,Texas,US,1117
Llano,Texas,US,1600
Loving,Texas,US,1
Lubbock,Texas,US,48608
Lynn,Texas,US,611
Madison,Texas,US,1924
Marion,Texas,US,525
Martin,Texas,US,616
Mason,Texas,US,391
Matagorda,Texas,US,3477
Maverick,Texas,US,10362
McCulloch,Texas,US,568
McLennan,Texas,US,26164
McMullen,Texas,US,83
Medina,Texas,US,4822
Menard,Texas,US,206
Midland,Texas,US,16943
Milam,Texas,US,2453
Mills,Texas,US,651
Mitchell,Texas,US,598
Montague,Texas,US,2062
Montgomery,Texas,US,49605
Moore,Texas,US,2318
Morris,Texas,US,853
Motley,Texas,US,90
Nacogdoches,Texas,US,4369
Navarro,Texas,US,5662
Newton,Texas,US,589
Nolan,Texas,US,1524
Nueces,Texas,US,39842
Ochiltree,Texas,US,1066
Oldham,Texas,US,251
Orange,Texas,US,8193
Palo Pinto,Texas,US,2849
Panola,Texas,US,1573
Parker,Texas,US,15304
Parmer,Texas,US,1234
Pecos,Texas,US,1564
Polk,Texas,US,3080
Potter,Texas,US,17200
Presidio,Texas,US,806
Rains,Texas,US,783
Randall,Texas,US,16481
Reagan,Texas,US,376
Real,Texas,US,308
Red River,Texas,US,669
Reeves,Texas,US,1703
Refugio,Texas,US,635
Roberts,Texas,US,59
Robertson,Texas,US,2060
Rockwall,Texas,US,11137
Runnels,Texas,US,1269
Rusk,Texas,US,3874
Sabine,Texas,US,509
San Augustine,Texas,US,553
San Jacinto,Texas,US,1165
San Patricio,Texas,US,4235
San Saba,Texas,US,797
Schleicher,Texas,US,233
Scurry,Texas,US,2370
Shackelford,Texas,US,255
Shelby,Texas,US,1606
Sherman,Texas,US,210
Smith,Texas,US,19572
Somervell,Texas,US,1055
Starr,Texas,US,9300
Stephens,Texas,US,766
Sterling,Texas,US,107
Stonewall,Texas,US,156
Sutton,Texas,US,477
Swisher,Texas,US,793
Tarrant,Texas,US,251106
Taylor,Texas,US,15405
Terrell,Texas,US,75
Terry,Texas,US,1686
Throckmorton,Texas,US,73
Titus,Texas,US,3659
Tom Green,Texas,US,16604
Travis,Texas,US,79422
Trinity,Texas,US,713
Tyler,Texas,US,1265
Unassigned,Texas,US,0
Upshur,Texas,US,3208
Upton,Texas,US,381
Uvalde,Texas,US,3524
Val Verde,Texas,US,7797
Van Zandt,Texas,US,4126
Victoria,Texas,US,8170
Walker,Texas,US,8615
Waller,Texas,US,3865
Ward,Texas,US,1158
Washington,Texas,US,3854
Webb,Texas,US,43103
Wharton,Texas,US,3927
Wheeler,Texas,US,488
Wichita,Texas,US,14835
Wilbarger,Texas,US,1891
Willacy,Texas,US,2556
Williamson,Texas,US,43275
Wilson,Texas,US,4300
Winkler,Texas,US,750
Wise,Texas,US,7182
Wood,Texas,US,3348
Yoakum,Texas,US,865
Young,Texas,US,2138
Zapata,Texas,US,1761
Zavala,Texas,US,1846
Bear River,Utah,US,20834
Central Utah,Utah,US,8705
Davis,Utah,US,36303
Salt Lake,Utah,US,144097
San Juan,Utah,US,1853
Southeast Utah,Utah,US,3257
Southwest Utah,Utah,US,27928
Summit,Utah,US,5342
Tooele,Utah,US,6930
TriCounty,Utah,US,3844
Unassigned,Utah,US,868
Utah,Utah,US,93118
Wasatch,Utah,US,4485
Weber-Morgan,Utah,US,28986
Addison,Vermont,US,929
Bennington,Vermont,US,1702
Caledonia,Vermont,US,751
Chittenden,Vermont,US,6325
Essex,Vermont,US,214
Franklin,Vermont,US,1719
Grand Isle,Vermont,US,172
Lamoille,Vermont,US,715
Orange,Vermont,US,566
Orleans,Vermont,US,927
Rutland,Vermont,US,1778
Unassigned,Vermont,US,11
Washington,Vermont,US,1622
Windham,Vermont,US,1116
Windsor,Vermont,US,1208
,Virgin Islands,US,2907
Accomack,Virginia,US,2716
Albemarle,Virginia,US,5296
Alexandria,Virginia,US,10996
Alleghany,Virginia,US,1273
Amelia,Virginia,US,822
Amherst,Virginia,US,2795
Appomattox,Virginia,US,1479
Arlington,Virginia,US,14319
Augusta,Virginia,US,5399
Bath,Virginia,US,251
Bedford,Virginia,US,6095
Bland,Virginia,US,647
Botetourt,Virginia,US,2419
Bristol,Virginia,US,1290
Brunswick,Virginia,US,1265
Buchanan,Virginia,US,1353
Buckingham,Virginia,US,2071
Buena Vista,Virginia,US,867
Campbell,Virginia,US,4217
Caroline,Virginia,US,2030
Carroll,Virginia,US,2300
Charles City,Virginia,US,457
Charlotte,Virginia,US,799
Charlottesville,Virginia,US,3860
Chesapeake,Virginia,US,19593
Chesterfield,Virginia,US,25526
Clarke,Virginia,US,893
Colonial Heights,Virginia,US,1535
Covington,Virginia,US,571
Craig,Virginia,US,273
Culpeper,Virginia,US,4306
Cumberland,Virginia,US,419
Danville,Virginia,US,4172
Dickenson,Virginia,US,907
Dinwiddie,Virginia,US,1982
Emporia,Virginia,US,655
Essex,Virginia,US,706
Fairfax,Virginia,US,71805
Fairfax City,Virginia,US,524
Falls Church,Virginia,US,392
Fauquier,Virginia,US,4300
Floyd,Virginia,US,802
Fluvanna,Virginia,US,1583
Franklin,Virginia,US,3859
Franklin City,Virginia,US,1066
Frederick,Virginia,US,7280
Fredericksburg,Virginia,US,1890
Galax,Virginia,US,1055
Giles,Virginia,US,1163
Gloucester,Virginia,US,2066
Goochland,Virginia,US,1321
Grayson,Virginia,US,1229
Greene,Virginia,US,1141
Greensville,Virginia,US,1536
Halifax,Virginia,US,2684
Hampton,Virginia,US,9594
Hanover,Virginia,US,7384
Harrisonburg,Virginia,US,6206
Henrico,Virginia,US,23336
Henry,Virginia,US,4394
Highland,Virginia,US,107
Hopewell,Virginia,US,2358
Isle of Wight,Virginia,US,2941
James City,Virginia,US,4293
King George,Virginia,US,1532
King William,Virginia,US,1087
King and Queen,Virginia,US,361
Lancaster,Virginia,US,688
Lee,Virginia,US,2367
Lexington,Virginia,US,1151
Loudoun,Virginia,US,25452
Louisa,Virginia,US,1796
Lunenburg,Virginia,US,724
Lynchburg,Virginia,US,7239
Madison,Virginia,US,564
Manassas,Virginia,US,4172
Manassas Park,Virginia,US,1171
Martinsville,Virginia,US,1554
Mathews,Virginia,US,577
Mecklenburg,Virginia,US,2156
Middlesex,Virginia,US,555
Montgomery,Virginia,US,8820
Nelson,Virginia,US,869
New Kent,Virginia,US,1389
Newport News,Virginia,US,12805
Norfolk,Virginia,US,16245
Northampton,Virginia,US,764
Northumberland,Virginia,US,711
Norton,Virginia,US,253
Nottoway,Virginia,US,1866
Orange,Virginia,US,2011
Page,Virginia,US,1908
Patrick,Virginia,US,1281
Petersburg,Virginia,US,3524
Pittsylvania,Virginia,US,5335
Poquoson,Virginia,US,809
Portsmouth,Virginia,US,8367
Powhatan,Virginia,US,1788
Prince Edward,Virginia,US,2016
Prince George,Virginia,US,3261
Prince William,Virginia,US,42187
Pulaski,Virginia,US,2463
Radford,Virginia,US,2021
Rappahannock,Virginia,US,321
Richmond,Virginia,US,1397
Richmond City,Virginia,US,15848
Roanoke,Virginia,US,7803
Roanoke City,Virginia,US,8017
Rockbridge,Virginia,US,1448
Rockingham,Virginia,US,6373
Russell,Virginia,US,2166
Salem,Virginia,US,1990
Scott,Virginia,US,1709
Shenandoah,Virginia,US,3914
Smyth,Virginia,US,2639
Southampton,Virginia,US,1916
Spotsylvania,Virginia,US,8894
Stafford,Virginia,US,10241
Staunton,Virginia,US,2533
Suffolk,Virginia,US,7432
Surry,Virginia,US,406
Sussex,Virginia,US,1137
Tazewell,Virginia,US,3403
Unassigned,Virginia,US,0
Virginia Beach,Virginia,US,33322
Warren,Virginia,US,2585
Washington,Virginia,US,4503
Waynesboro,Virginia,US,2253
Westmoreland,Virginia,US,1195
Williamsburg,Virginia,US,691
Winchester,Virginia,US,2671
Wise,Virginia,US,2996
Wythe,Virginia,US,2365
York,Virginia,US,3469
Adams,Washington,US,2001
Asotin,Washington,US,1346
Benton,Washington,US,15742
Chelan,Washington,US,6343
Clallam,Washington,US,1048
Clark,Washington,US,20316
Columbia,Washington,US,117
Cowlitz,Washington,US,4923
Douglas,Washington,US,3386
Ferry,Washington,US,223
Franklin,Washington,US,11622
Garfield,Washington,US,120
Grant,Washington,US,8072
Grays Harbor,Washington,US,3552
Island,Washington,US,1481
Jefferson,Washington,US,348
King,Washington,US,91508
Kitsap,Washington,US,6489
Kittitas,Washington,US,2539
Klickitat,Washington,US,681
Lewis,Washington,US,3965
Lincoln,Washington,US,379
Mason,Washington,US,2458
Okanogan,Washington,US,2299
Pacific,Washington,US,788
Pend Oreille,Washington,US,679
Pierce,Washington,US,42992
San Juan,Washington,US,132
Skagit,Washington,US,4753
Skamania,Washington,US,265
Snohomish,Washington,US,32370
Spokane,Washington,US,38580
Stevens,Washington,US,1784
Thurston,Washington,US,7896
Unassigned,Washington,US,1488
Wahkiakum,Washington,US,102
Walla Walla,Washington,US,4834
Whatcom,Washington,US,7587
Whitman,Washington,US,3752
Yakima,Washington,US,28155
Barbour,West Virginia,US,1317
Berkeley,West Virginia,US,10801
Boone,West Virginia,US,1756
Braxton,West Virginia,US,840
Brooke,West Virginia,US,2070
Cabell,West Virginia,US,8426
Calhoun,West Virginia,US,247
Clay,West Virginia,US,407
Doddridge,West Virginia,US,517
Fayette,West Virginia,US,3050
Gilmer,West Virginia,US,731
Grant,West Virginia,US,1179
Greenbrier,West Virginia,US,2516
Hampshire,West Virginia,US,1629
Hancock,West Virginia,US,2634
Hardy,West Virginia,US,1396
Harrison,West Virginia,US,5171
Jackson,West Virginia,US,1796
Jefferson,West Virginia,US,4098
Kanawha,West Virginia,US,13228
Lewis,West Virginia,US,1108
Lincoln,West Virginia,US,1361
Logan,West Virginia,US,2951
Marion,West Virginia,US,3953
Marshall,West Virginia,US,3183
Mason,West Virginia,US,1882
McDowell,West Virginia,US,1420
Mercer,West Virginia,US,4410
Mineral,West Virginia,US,2662
Mingo,West Virginia,US,2322
Monongalia,West Virginia,US,8675
Monroe,West Virginia,US,1025
Morgan,West Virginia,US,1029
Nicholas,West Virginia,US,1396
Ohio,West Virginia,US,3870
Pendleton,West Virginia,US,668
Pleasants,West Virginia,US,820
Pocahontas,West Virginia,US,620
Preston,West Virginia,US,2722
Putnam,West Virginia,US,4586
Raleigh,West Virginia,US,5622
Randolph,West Virginia,US,2468
Ritchie,West Virginia,US,642
Roane,West Virginia,US,538
Summers,West Virginia,US,732
Taylor,West Virginia,US,1156
Tucker,West Virginia,US,519
Tyler,West Virginia,US,657
Unassigned,West Virginia,US,0
Upshur,West Virginia,US,1791
Wayne,West Virginia,US,2762
Webster,West Virginia,US,449
Wetzel,West Virginia,US,1180
Wirt,West Virginia,US,370
Wood,West Virginia,US,7460
Wyoming,West Virginia,US,1835
Adams,Wisconsin,US,1800
Ashland,Wisconsin,US,1283
Barron,Wisconsin,US,5686
Bayfield,Wisconsin,US,1186
Brown,Wisconsin,US,33859
Buffalo,Wisconsin,US,1361
Burnett,Wisconsin,US,1371
Calumet,Wisconsin,US,6232
Chippewa,Wisconsin,US,7375
Clark,Wisconsin,US,3564
Columbia,Wisconsin,US,5577
Crawford,Wisconsin,US,1734
Dane,Wisconsin,US,43678
Dodge,Wisconsin,US,12428
Door,Wisconsin,US,2738
Douglas,Wisconsin,US,4429
Dunn,Wisconsin,US,4792
Eau Claire,Wisconsin,US,11611
Florence,Wisconsin,US,480
Fond du Lac,Wisconsin,US,13287
Forest,Wisconsin,US,1008
Grant,Wisconsin,US,5476
Green,Wisconsin,US,3486
Green Lake,Wisconsin,US,1973
Iowa,Wisconsin,US,2041
Iron,Wisconsin,US,685
Jackson,Wisconsin,US,2639
Jefferson,Wisconsin,US,9174
Juneau,Wisconsin,US,3154
Kenosha,Wisconsin,US,17517
Kewaunee,Wisconsin,US,2618
La Crosse,Wisconsin,US,13215
Lafayette,Wisconsin,US,1659
Langlade,Wisconsin,US,2105
Lincoln,Wisconsin,US,3169
Manitowoc,Wisconsin,US,8536
Marathon,Wisconsin,US,15374
Marinette,Wisconsin,US,4419
Marquette,Wisconsin,US,1512
Menominee,Wisconsin,US,797
Milwaukee,Wisconsin,US,110601
Monroe,Wisconsin,US,4491
Oconto,Wisconsin,US,4811
Oneida,Wisconsin,US,3661
Outagamie,Wisconsin,US,22646
Ozaukee,Wisconsin,US,8837
Pepin,Wisconsin,US,840
Pierce,Wisconsin,US,4571
Polk,Wisconsin,US,4142
Portage,Wisconsin,US,7103
Price,Wisconsin,US,1281
Racine,Wisconsin,US,23559
Richland,Wisconsin,US,1343
Rock,Wisconsin,US,16524
Rusk,Wisconsin,US,1325
Sauk,Wisconsin,US,5766
Sawyer,Wisconsin,US,1617
Shawano,Wisconsin,US,5185
Sheboygan,Wisconsin,US,14131
St. Croix,Wisconsin,US,8491
Taylor,Wisconsin,US,2053
Trempealeau,Wisconsin,US,3570
Unassigned,Wisconsin,US,0
Vernon,Wisconsin,US,1946
Vilas,Wisconsin,US,2337
Walworth,Wisconsin,US,11679
Washburn,Wisconsin,US,1431
Washington,Wisconsin,US,16044
Waukesha,Wisconsin,US,46790
Waupaca,Wisconsin,US,5852
Waushara,Wisconsin,US,2438
Winnebago,Wisconsin,US,20468
Wood,Wisconsin,US,7240
Albany,Wyoming,US,3984
Big Horn,Wyoming,US,1113
Campbell,Wyoming,US,4746
Carbon,Wyoming,US,1517
Converse,Wyoming,US,983
Crook,Wyoming,US,424
Fremont,Wyoming,US,5081
Goshen,Wyoming,US,1170
Hot Springs,Wyoming,US,362
Johnson,Wyoming,US,713
Laramie,Wyoming,US,8656
Lincoln,Wyoming,US,1357
Natrona,Wyoming,US,7821
Niobrara,Wyoming,US,150
Park,Wyoming,US,2641
Platte,Wyoming,US,611
Sheridan,Wyoming,US,3083
Sublette,Wyoming,US,710
Sweetwater,Wyoming,US,4037
Teton,Wyoming,US,3624
Uinta,Wyoming,US,2139
Unassigned,Wyoming,US,0
Washakie,Wyoming,US,891
Weston,Wyoming,US,634
